Workbook

Sheet CAMPIONATO
B3: ANDATA | D3: 1ª GIORNATA - 1° GIRONE | W3: RITORNO | Z3: ANDATA | AB3: 1ª GIORNATA - 2° GIRONE | AU3: RITORNO | AX3: =CONCATENATE("CLASSIFICA FANTACALCIO ",'Proposte d''Acquisto'!B1," ") -> CLASSIFICA FANTACALCIO 2018/2019
D4: ='Proposte d''Acquisto'!B3 -> ENRICO | E4: =IF(B4>C4,3,IF(B4<C4,0,IF(B4="","",1))) | F4: =IF(C4>B4,3,IF(C4<B4,0,IF(C4="","",1))) | G4: =IF(E4=3,1,0) -> 0 | H4: =IF(E4=1,1,0) -> 0 | I4: =IF(E4=0,1,0) -> 0 | J4: =IF(F4=3,1,0) -> 0 | K4: =IF(F4=1,1,0) -> 0 | L4: =IF(F4=0,1,0) -> 0 | N4: ='Proposte d''Acquisto'!B8 -> RICCARDO | O4: =IF(W4>X4,3,IF(W4<X4,0,IF(W4="","",1))) | P4: =IF(X4>W4,3,IF(X4<W4,0,IF(X4="","",1))) | Q4: =IF(O4=3,1,0) -> 0 | R4: =IF(O4=1,1,0) -> 0 | S4: =IF(O4=0,1,0) -> 0 | T4: =IF(P4=3,1,0) -> 0 | U4: =IF(P4=1,1,0) -> 0 | V4: =IF(P4=0,1,0) -> 0 | AB4: ='Proposte d''Acquisto'!B3 -> ENRICO | AC4: =IF(Z4>AA4,3,IF(Z4<AA4,0,IF(Z4="","",1))) | AD4: =IF(AA4>Z4,3,IF(AA4<Z4,0,IF(AA4="","",1))) | AE4: =IF(AC4=3,1,0) -> 0 | AF4: =IF(AC4=1,1,0) -> 0 | AG4: =IF(AC4=0,1,0) -> 0 | AH4: =IF(AD4=3,1,0) -> 0 | AI4: =IF(AD4=1,1,0) -> 0 | AJ4: =IF(AD4=0,1,0) -> 0 | AL4: ='Proposte d''Acquisto'!B8 -> RICCARDO | AM4: =IF(AU4>AV4,3,IF(AU4<AV4,0,IF(AU4="","",1))) | AN4: =IF(AV4>AU4,3,IF(AV4<AU4,0,IF(AV4="","",1))) | AO4: =IF(AM4=3,1,0) -> 0 | AP4: =IF(AM4=1,1,0) -> 0 | AQ4: =IF(AM4=0,1,0) -> 0 | AR4: =IF(AN4=3,1,0) -> 0 | AS4: =IF(AN4=1,1,0) -> 0 | AT4: =IF(AN4=0,1,0) -> 0
D5: ='Proposte d''Acquisto'!B13 -> FABRIZIO | E5: =IF(B5>C5,3,IF(B5<C5,0,IF(B5="","",1))) | F5: =IF(C5>B5,3,IF(C5<B5,0,IF(C5="","",1))) | G5: =IF(E5=3,1,0) -> 0 | H5: =IF(E5=1,1,0) -> 0 | I5: =IF(E5=0,1,0) -> 0 | J5: =IF(F5=3,1,0) -> 0 | K5: =IF(F5=1,1,0) -> 0 | L5: =IF(F5=0,1,0) -> 0 | N5: ='Proposte d''Acquisto'!B38 -> DARIO | O5: =IF(W5>X5,3,IF(W5<X5,0,IF(W5="","",1))) | P5: =IF(X5>W5,3,IF(X5<W5,0,IF(X5="","",1))) | Q5: =IF(O5=3,1,0) -> 0 | R5: =IF(O5=1,1,0) -> 0 | S5: =IF(O5=0,1,0) -> 0 | T5: =IF(P5=3,1,0) -> 0 | U5: =IF(P5=1,1,0) -> 0 | V5: =IF(P5=0,1,0) -> 0 | AB5: ='Proposte d''Acquisto'!B13 -> FABRIZIO | AC5: =IF(Z5>AA5,3,IF(Z5<AA5,0,IF(Z5="","",1))) | AD5: =IF(AA5>Z5,3,IF(AA5<Z5,0,IF(AA5="","",1))) | AE5: =IF(AC5=3,1,0) -> 0 | AF5: =IF(AC5=1,1,0) -> 0 | AG5: =IF(AC5=0,1,0) -> 0 | AH5: =IF(AD5=3,1,0) -> 0 | AI5: =IF(AD5=1,1,0) -> 0 | AJ5: =IF(AD5=0,1,0) -> 0 | AL5: ='Proposte d''Acquisto'!B38 -> DARIO | AM5: =IF(AU5>AV5,3,IF(AU5<AV5,0,IF(AU5="","",1))) | AN5: =IF(AV5>AU5,3,IF(AV5<AU5,0,IF(AV5="","",1))) | AO5: =IF(AM5=3,1,0) -> 0 | AP5: =IF(AM5=1,1,0) -> 0 | AQ5: =IF(AM5=0,1,0) -> 0 | AR5: =IF(AN5=3,1,0) -> 0 | AS5: =IF(AN5=1,1,0) -> 0 | AT5: =IF(AN5=0,1,0) -> 0 | AX5: SQUADRE | AY5: PUNTI | AZ5: VITTORIE | BA5: PAREGGI | BB5: SCONFITTE | BC5: GIOCATE | BD5: GOAL FATTI | BE5: GOAL SUBITI | BF5: DIFFERENZA | BG5: DARE | BH5: SPAREGGI | BI5: PUNTEGGIO REALE | BJ5: PENALITA' | BK5: FORMULA
D6: ='Proposte d''Acquisto'!B23 -> MOLINA | E6: =IF(B6>C6,3,IF(B6<C6,0,IF(B6="","",1))) | F6: =IF(C6>B6,3,IF(C6<B6,0,IF(C6="","",1))) | G6: =IF(E6=3,1,0) -> 0 | H6: =IF(E6=1,1,0) -> 0 | I6: =IF(E6=0,1,0) -> 0 | J6: =IF(F6=3,1,0) -> 0 | K6: =IF(F6=1,1,0) -> 0 | L6: =IF(F6=0,1,0) -> 0 | N6: ='Proposte d''Acquisto'!B28 -> EUGENIO | O6: =IF(W6>X6,3,IF(W6<X6,0,IF(W6="","",1))) | P6: =IF(X6>W6,3,IF(X6<W6,0,IF(X6="","",1))) | Q6: =IF(O6=3,1,0) -> 0 | R6: =IF(O6=1,1,0) -> 0 | S6: =IF(O6=0,1,0) -> 0 | T6: =IF(P6=3,1,0) -> 0 | U6: =IF(P6=1,1,0) -> 0 | V6: =IF(P6=0,1,0) -> 0 | AB6: ='Proposte d''Acquisto'!B23 -> MOLINA | AC6: =IF(Z6>AA6,3,IF(Z6<AA6,0,IF(Z6="","",1))) | AD6: =IF(AA6>Z6,3,IF(AA6<Z6,0,IF(AA6="","",1))) | AE6: =IF(AC6=3,1,0) -> 0 | AF6: =IF(AC6=1,1,0) -> 0 | AG6: =IF(AC6=0,1,0) -> 0 | AH6: =IF(AD6=3,1,0) -> 0 | AI6: =IF(AD6=1,1,0) -> 0 | AJ6: =IF(AD6=0,1,0) -> 0 | AL6: ='Proposte d''Acquisto'!B28 -> EUGENIO | AM6: =IF(AU6>AV6,3,IF(AU6<AV6,0,IF(AU6="","",1))) | AN6: =IF(AV6>AU6,3,IF(AV6<AU6,0,IF(AV6="","",1))) | AO6: =IF(AM6=3,1,0) -> 0 | AP6: =IF(AM6=1,1,0) -> 0 | AQ6: =IF(AM6=0,1,0) -> 0 | AR6: =IF(AN6=3,1,0) -> 0 | AS6: =IF(AN6=1,1,0) -> 0 | AT6: =IF(AN6=0,1,0) -> 0 | AX6: Eugenio | AY6: =AZ6*3+BA6 -> 0 | BC6: =SUM(AZ6,BA6,BB6) -> 0 | BF6: =SUM(BD6-BE6) -> 0 | BG6: =IF(BH6="*",0,SUM(BB6*Premi!H5+BA6*Premi!H4)) -> 0 | BI6: =SUM($E$5,$O$5,$AC$5,$AM$5,$E$12,$O$12,$AC$12,$AM$12,$F$18,$P$18,$AD$18,$AN$18,$F$26,$P$26,$AD$26,$AN$26,$E$32,$O$32,$AC$32,$AM$32,$F$40,$P$40,$AD$40,$AN$40,$E$47,$O$47,$AC$47,$AM$47) -> 0 | BJ6: 0 | BK6: =(BF6*1000)+BD6 -> 0
D7: ='Proposte d''Acquisto'!B33 -> VINCENZO | E7: =IF(B7>C7,3,IF(B7<C7,0,IF(B7="","",1))) | F7: =IF(C7>B7,3,IF(C7<B7,0,IF(C7="","",1))) | G7: =IF(E7=3,1,0) -> 0 | H7: =IF(E7=1,1,0) -> 0 | I7: =IF(E7=0,1,0) -> 0 | J7: =IF(F7=3,1,0) -> 0 | K7: =IF(F7=1,1,0) -> 0 | L7: =IF(F7=0,1,0) -> 0 | N7: ='Proposte d''Acquisto'!B18 -> DANIELE | O7: =IF(W7>X7,3,IF(W7<X7,0,IF(W7="","",1))) | P7: =IF(X7>W7,3,IF(X7<W7,0,IF(X7="","",1))) | Q7: =IF(O7=3,1,0) -> 0 | R7: =IF(O7=1,1,0) -> 0 | S7: =IF(O7=0,1,0) -> 0 | T7: =IF(P7=3,1,0) -> 0 | U7: =IF(P7=1,1,0) -> 0 | V7: =IF(P7=0,1,0) -> 0 | AB7: ='Proposte d''Acquisto'!B33 -> VINCENZO | AC7: =IF(Z7>AA7,3,IF(Z7<AA7,0,IF(Z7="","",1))) | AD7: =IF(AA7>Z7,3,IF(AA7<Z7,0,IF(AA7="","",1))) | AE7: =IF(AC7=3,1,0) -> 0 | AF7: =IF(AC7=1,1,0) -> 0 | AG7: =IF(AC7=0,1,0) -> 0 | AH7: =IF(AD7=3,1,0) -> 0 | AI7: =IF(AD7=1,1,0) -> 0 | AJ7: =IF(AD7=0,1,0) -> 0 | AL7: ='Proposte d''Acquisto'!B18 -> DANIELE | AM7: =IF(AU7>AV7,3,IF(AU7<AV7,0,IF(AU7="","",1))) | AN7: =IF(AV7>AU7,3,IF(AV7<AU7,0,IF(AV7="","",1))) | AO7: =IF(AM7=3,1,0) -> 0 | AP7: =IF(AM7=1,1,0) -> 0 | AQ7: =IF(AM7=0,1,0) -> 0 | AR7: =IF(AN7=3,1,0) -> 0 | AS7: =IF(AN7=1,1,0) -> 0 | AT7: =IF(AN7=0,1,0) -> 0
AX8: Riccardo | AY8: =AZ8*3+BA8 -> 0 | BC8: =SUM(AZ8,BA8,BB8) -> 0 | BF8: =SUM(BD8-BE8) -> 0 | BG8: =IF(BH8="*",0,SUM(BB8*Premi!H5+BA8*Premi!H4)) -> 0 | BI8: =SUM($F$4,$P$4,$AD$4,$AN$4,$E$11,$O$11,$AC$11,$AM$11,$F$20,$P$20,$AD$20,$AN$20,$E$28,$O$28,$AC$28,$AM$28,$F$33,$P$33,$AD$33,$AN$33,$E$39,$O$39,$AC$39,$AM$39,$F$47,$P$47,$AD$47,$AN$47) -> 0 | BJ8: 0 | BK8: =(BF8*1000)+BD8 -> 0
B10: ANDATA | D10: 2ª GIORNATA - 1° GIRONE | W10: RITORNO | Z10: ANDATA | AB10: 2ª GIORNATA - 2° GIRONE | AU10: RITORNO | AX10: Enrico | AY10: =AZ10*3+BA10 -> 0 | BC10: =SUM(AZ10,BA10,BB10) -> 0 | BF10: =SUM(BD10-BE10) -> 0 | BG10: =IF(BH10="*",0,SUM(BB10*Premi!H5+BA10*Premi!H4)) -> 0 | BI10: =SUM($F$6,$P$6,$AD$6,$AN$6,$F$11,$P$11,$AD$11,$AN$11,$E$21,$O$21,$AC$21,$AM$21,$E$26,$O$26,$AC$26,$AM$26,$F$35,$P$35,$AD$35,$AN$35,$E$42,$O$42,$AC$42,$AM$42,$F$46,$P$46,$AD$46,$AN$46) -> 0 | BJ10: 0 | BK10: =(BF10*1000)+BD10 -> 0
D11: ='Proposte d''Acquisto'!B8 -> RICCARDO | E11: =IF(B11>C11,3,IF(B11<C11,0,IF(B11="","",1))) | F11: =IF(C11>B11,3,IF(C11<B11,0,IF(C11="","",1))) | G11: =IF(E11=3,1,0) -> 0 | H11: =IF(E11=1,1,0) -> 0 | I11: =IF(E11=0,1,0) -> 0 | J11: =IF(F11=3,1,0) -> 0 | K11: =IF(F11=1,1,0) -> 0 | L11: =IF(F11=0,1,0) -> 0 | N11: ='Proposte d''Acquisto'!B28 -> EUGENIO | O11: =IF(W11>X11,3,IF(W11<X11,0,IF(W11="","",1))) | P11: =IF(X11>W11,3,IF(X11<W11,0,IF(X11="","",1))) | Q11: =IF(O11=3,1,0) -> 0 | R11: =IF(O11=1,1,0) -> 0 | S11: =IF(O11=0,1,0) -> 0 | T11: =IF(P11=3,1,0) -> 0 | U11: =IF(P11=1,1,0) -> 0 | V11: =IF(P11=0,1,0) -> 0 | AB11: ='Proposte d''Acquisto'!B8 -> RICCARDO | AC11: =IF(Z11>AA11,3,IF(Z11<AA11,0,IF(Z11="","",1))) | AD11: =IF(AA11>Z11,3,IF(AA11<Z11,0,IF(AA11="","",1))) | AE11: =IF(AC11=3,1,0) -> 0 | AF11: =IF(AC11=1,1,0) -> 0 | AG11: =IF(AC11=0,1,0) -> 0 | AH11: =IF(AD11=3,1,0) -> 0 | AI11: =IF(AD11=1,1,0) -> 0 | AJ11: =IF(AD11=0,1,0) -> 0 | AL11: ='Proposte d''Acquisto'!B28 -> EUGENIO | AM11: =IF(AU11>AV11,3,IF(AU11<AV11,0,IF(AU11="","",1))) | AN11: =IF(AV11>AU11,3,IF(AV11<AU11,0,IF(AV11="","",1))) | AO11: =IF(AM11=3,1,0) -> 0 | AP11: =IF(AM11=1,1,0) -> 0 | AQ11: =IF(AM11=0,1,0) -> 0 | AR11: =IF(AN11=3,1,0) -> 0 | AS11: =IF(AN11=1,1,0) -> 0 | AT11: =IF(AN11=0,1,0) -> 0
D12: ='Proposte d''Acquisto'!B13 -> FABRIZIO | E12: =IF(B12>C12,3,IF(B12<C12,0,IF(B12="","",1))) | F12: =IF(C12>B12,3,IF(C12<B12,0,IF(C12="","",1))) | G12: =IF(E12=3,1,0) -> 0 | H12: =IF(E12=1,1,0) -> 0 | I12: =IF(E12=0,1,0) -> 0 | J12: =IF(F12=3,1,0) -> 0 | K12: =IF(F12=1,1,0) -> 0 | L12: =IF(F12=0,1,0) -> 0 | N12: ='Proposte d''Acquisto'!B33 -> VINCENZO | O12: =IF(W12>X12,3,IF(W12<X12,0,IF(W12="","",1))) | P12: =IF(X12>W12,3,IF(X12<W12,0,IF(X12="","",1))) | Q12: =IF(O12=3,1,0) -> 0 | R12: =IF(O12=1,1,0) -> 0 | S12: =IF(O12=0,1,0) -> 0 | T12: =IF(P12=3,1,0) -> 0 | U12: =IF(P12=1,1,0) -> 0 | V12: =IF(P12=0,1,0) -> 0 | AB12: ='Proposte d''Acquisto'!B13 -> FABRIZIO | AC12: =IF(Z12>AA12,3,IF(Z12<AA12,0,IF(Z12="","",1))) | AD12: =IF(AA12>Z12,3,IF(AA12<Z12,0,IF(AA12="","",1))) | AE12: =IF(AC12=3,1,0) -> 0 | AF12: =IF(AC12=1,1,0) -> 0 | AG12: =IF(AC12=0,1,0) -> 0 | AH12: =IF(AD12=3,1,0) -> 0 | AI12: =IF(AD12=1,1,0) -> 0 | AJ12: =IF(AD12=0,1,0) -> 0 | AL12: ='Proposte d''Acquisto'!B33 -> VINCENZO | AM12: =IF(AU12>AV12,3,IF(AU12<AV12,0,IF(AU12="","",1))) | AN12: =IF(AV12>AU12,3,IF(AV12<AU12,0,IF(AV12="","",1))) | AO12: =IF(AM12=3,1,0) -> 0 | AP12: =IF(AM12=1,1,0) -> 0 | AQ12: =IF(AM12=0,1,0) -> 0 | AR12: =IF(AN12=3,1,0) -> 0 | AS12: =IF(AN12=1,1,0) -> 0 | AT12: =IF(AN12=0,1,0) -> 0 | AX12: Vincenzo | AY12: =AZ12*3+BA12 -> 0 | BC12: =SUM(AZ12,BA12,BB12) -> 0 | BF12: =SUM(BD12-BE12) -> 0 | BG12: =IF(BH12="*",0,SUM(BB12*Premi!H5+BA12*Premi!H4)) -> 0 | BI12: =SUM($F$7,$P$7,$AD$7,$AN$7,$E$14,$O$14,$AC$14,$AM$14,$F$19,$P$19,$AD$19,$AN$19,$E$27,$O$27,$AC$27,$AM$27,$F$32,$P$32,$AD$32,$AN$32,$F$39,$P$39,$AD$39,$AN$39,$E$46,$O$46,$AC$46,$AM$46) -> 0 | BJ12: 0 | BK12: =(BF12*1000)+BD12 -> 0
D13: ='Proposte d''Acquisto'!B38 -> DARIO | E13: =IF(B13>C13,3,IF(B13<C13,0,IF(B13="","",1))) | F13: =IF(C13>B13,3,IF(C13<B13,0,IF(C13="","",1))) | G13: =IF(E13=3,1,0) -> 0 | H13: =IF(E13=1,1,0) -> 0 | I13: =IF(E13=0,1,0) -> 0 | J13: =IF(F13=3,1,0) -> 0 | K13: =IF(F13=1,1,0) -> 0 | L13: =IF(F13=0,1,0) -> 0 | N13: ='Proposte d''Acquisto'!B23 -> MOLINA | O13: =IF(W13>X13,3,IF(W13<X13,0,IF(W13="","",1))) | P13: =IF(X13>W13,3,IF(X13<W13,0,IF(X13="","",1))) | Q13: =IF(O13=3,1,0) -> 0 | R13: =IF(O13=1,1,0) -> 0 | S13: =IF(O13=0,1,0) -> 0 | T13: =IF(P13=3,1,0) -> 0 | U13: =IF(P13=1,1,0) -> 0 | V13: =IF(P13=0,1,0) -> 0 | AB13: ='Proposte d''Acquisto'!B38 -> DARIO | AC13: =IF(Z13>AA13,3,IF(Z13<AA13,0,IF(Z13="","",1))) | AD13: =IF(AA13>Z13,3,IF(AA13<Z13,0,IF(AA13="","",1))) | AE13: =IF(AC13=3,1,0) -> 0 | AF13: =IF(AC13=1,1,0) -> 0 | AG13: =IF(AC13=0,1,0) -> 0 | AH13: =IF(AD13=3,1,0) -> 0 | AI13: =IF(AD13=1,1,0) -> 0 | AJ13: =IF(AD13=0,1,0) -> 0 | AL13: ='Proposte d''Acquisto'!B23 -> MOLINA | AM13: =IF(AU13>AV13,3,IF(AU13<AV13,0,IF(AU13="","",1))) | AN13: =IF(AV13>AU13,3,IF(AV13<AU13,0,IF(AV13="","",1))) | AO13: =IF(AM13=3,1,0) -> 0 | AP13: =IF(AM13=1,1,0) -> 0 | AQ13: =IF(AM13=0,1,0) -> 0 | AR13: =IF(AN13=3,1,0) -> 0 | AS13: =IF(AN13=1,1,0) -> 0 | AT13: =IF(AN13=0,1,0) -> 0
D14: ='Proposte d''Acquisto'!B18 -> DANIELE | E14: =IF(B14>C14,3,IF(B14<C14,0,IF(B14="","",1))) | F14: =IF(C14>B14,3,IF(C14<B14,0,IF(C14="","",1))) | G14: =IF(E14=3,1,0) -> 0 | H14: =IF(E14=1,1,0) -> 0 | I14: =IF(E14=0,1,0) -> 0 | J14: =IF(F14=3,1,0) -> 0 | K14: =IF(F14=1,1,0) -> 0 | L14: =IF(F14=0,1,0) -> 0 | N14: ='Proposte d''Acquisto'!B3 -> ENRICO | O14: =IF(W14>X14,3,IF(W14<X14,0,IF(W14="","",1))) | P14: =IF(X14>W14,3,IF(X14<W14,0,IF(X14="","",1))) | Q14: =IF(O14=3,1,0) -> 0 | R14: =IF(O14=1,1,0) -> 0 | S14: =IF(O14=0,1,0) -> 0 | T14: =IF(P14=3,1,0) -> 0 | U14: =IF(P14=1,1,0) -> 0 | V14: =IF(P14=0,1,0) -> 0 | AB14: ='Proposte d''Acquisto'!B18 -> DANIELE | AC14: =IF(Z14>AA14,3,IF(Z14<AA14,0,IF(Z14="","",1))) | AD14: =IF(AA14>Z14,3,IF(AA14<Z14,0,IF(AA14="","",1))) | AE14: =IF(AC14=3,1,0) -> 0 | AF14: =IF(AC14=1,1,0) -> 0 | AG14: =IF(AC14=0,1,0) -> 0 | AH14: =IF(AD14=3,1,0) -> 0 | AI14: =IF(AD14=1,1,0) -> 0 | AJ14: =IF(AD14=0,1,0) -> 0 | AL14: ='Proposte d''Acquisto'!B3 -> ENRICO | AM14: =IF(AU14>AV14,3,IF(AU14<AV14,0,IF(AU14="","",1))) | AN14: =IF(AV14>AU14,3,IF(AV14<AU14,0,IF(AV14="","",1))) | AO14: =IF(AM14=3,1,0) -> 0 | AP14: =IF(AM14=1,1,0) -> 0 | AQ14: =IF(AM14=0,1,0) -> 0 | AR14: =IF(AN14=3,1,0) -> 0 | AS14: =IF(AN14=1,1,0) -> 0 | AT14: =IF(AN14=0,1,0) -> 0 | AX14: Molina | AY14: =AZ14*3+BA14 -> 0 | BC14: =SUM(AZ14,BA14,BB14) -> 0 | BF14: =SUM(BD14-BE14) -> 0 | BG14: =IF(BH14="*",0,SUM(BB14*Premi!H5+BA14*Premi!H4)) -> 0 | BI14: =SUM($E$7,$O$7,$F$12,$P$12,$E$20,$O$20,$F$25,$P$25,$E$35,$O$35,$E$41,$O$41,$F$49,$P$49,$AC$7,$AM$7,$AD$12,$AN$12,$AC$20,$AM$20,$AD$25,$AN$25,$AC$35,$AM$35,$AC$41,$AM$41,$AD$49,$AN$49) -> 0 | BJ14: 0 | BK14: =(BF14*1000)+BD14 -> 0
AX16: Daniele | AY16: =AZ16*3+BA16 -> 0 | BC16: =SUM(AZ16,BA16,BB16) -> 0 | BF16: =SUM(BD16-BE16) -> 0 | BG16: =IF(BH16="*",0,SUM(BB16*Premi!H5+BA16*Premi!H4)) -> 0 | BI16: =SUM($E$6,$O$6,$AC$6,$AM$6,$F$13,$P$13,$AD$13,$AN$13,$E$18,$O$18,$AC$18,$AM$18,$F$27,$P$27,$AD$27,$AN$27,$E$33,$O$33,$AC$33,$AM$33,$F$41,$P$41,$AD$41,$AN$41,$E$48,$O$48,$AC$48,$AM$48) -> 0 | BJ16: 0 | BK16: =(BF16*1000)+BD16 -> 0
B17: ANDATA | D17: 3ª GIORNATA - 1° GIRONE | W17: RITORNO | Z17: ANDATA | AB17: 3ª GIORNATA - 2° GIRONE | AU17: RITORNO
D18: ='Proposte d''Acquisto'!B23 -> MOLINA | E18: =IF(B18>C18,3,IF(B18<C18,0,IF(B18="","",1))) | F18: =IF(C18>B18,3,IF(C18<B18,0,IF(C18="","",1))) | G18: =IF(E18=3,1,0) -> 0 | H18: =IF(E18=1,1,0) -> 0 | I18: =IF(E18=0,1,0) -> 0 | J18: =IF(F18=3,1,0) -> 0 | K18: =IF(F18=1,1,0) -> 0 | L18: =IF(F18=0,1,0) -> 0 | N18: ='Proposte d''Acquisto'!B13 -> FABRIZIO | O18: =IF(W18>X18,3,IF(W18<X18,0,IF(W18="","",1))) | P18: =IF(X18>W18,3,IF(X18<W18,0,IF(X18="","",1))) | Q18: =IF(O18=3,1,0) -> 0 | R18: =IF(O18=1,1,0) -> 0 | S18: =IF(O18=0,1,0) -> 0 | T18: =IF(P18=3,1,0) -> 0 | U18: =IF(P18=1,1,0) -> 0 | V18: =IF(P18=0,1,0) -> 0 | AB18: ='Proposte d''Acquisto'!B23 -> MOLINA | AC18: =IF(Z18>AA18,3,IF(Z18<AA18,0,IF(Z18="","",1))) | AD18: =IF(AA18>Z18,3,IF(AA18<Z18,0,IF(AA18="","",1))) | AE18: =IF(AC18=3,1,0) -> 0 | AF18: =IF(AC18=1,1,0) -> 0 | AG18: =IF(AC18=0,1,0) -> 0 | AH18: =IF(AD18=3,1,0) -> 0 | AI18: =IF(AD18=1,1,0) -> 0 | AJ18: =IF(AD18=0,1,0) -> 0 | AL18: ='Proposte d''Acquisto'!B13 -> FABRIZIO | AM18: =IF(AU18>AV18,3,IF(AU18<AV18,0,IF(AU18="","",1))) | AN18: =IF(AV18>AU18,3,IF(AV18<AU18,0,IF(AV18="","",1))) | AO18: =IF(AM18=3,1,0) -> 0 | AP18: =IF(AM18=1,1,0) -> 0 | AQ18: =IF(AM18=0,1,0) -> 0 | AR18: =IF(AN18=3,1,0) -> 0 | AS18: =IF(AN18=1,1,0) -> 0 | AT18: =IF(AN18=0,1,0) -> 0 | AX18: Fabrizio | AY18: =AZ18*3+BA18 -> 0 | BC18: =SUM(AZ18,BA18,BB18) -> 0 | BF18: =SUM(BD18-BE18) -> 0 | BG18: =IF(BH18="*",0,SUM(BB18*Premi!H5+BA18*Premi!H4)) -> 0 | BI18: =SUM($F$5,$P$5,$AD$5,$AN$5,$E$13,$O$13,$AC$13,$AM$13,$E$19,$O$19,$AC$19,$AM$19,$F$28,$P$28,$AD$28,$AN$28,$F$42,$P$42,$AD$42,$AN$42,$E$49,$O$49,$AC$49,$AM$49,$AM$34,$AC$34,$E$34,$O$34) -> 0 | BJ18: 0 | BK18: =(BF18*1000)+BD18 -> 0
D19: ='Proposte d''Acquisto'!B38 -> DARIO | E19: =IF(B19>C19,3,IF(B19<C19,0,IF(B19="","",1))) | F19: =IF(C19>B19,3,IF(C19<B19,0,IF(C19="","",1))) | G19: =IF(E19=3,1,0) -> 0 | H19: =IF(E19=1,1,0) -> 0 | I19: =IF(E19=0,1,0) -> 0 | J19: =IF(F19=3,1,0) -> 0 | K19: =IF(F19=1,1,0) -> 0 | L19: =IF(F19=0,1,0) -> 0 | N19: ='Proposte d''Acquisto'!B18 -> DANIELE | O19: =IF(W19>X19,3,IF(W19<X19,0,IF(W19="","",1))) | P19: =IF(X19>W19,3,IF(X19<W19,0,IF(X19="","",1))) | Q19: =IF(O19=3,1,0) -> 0 | R19: =IF(O19=1,1,0) -> 0 | S19: =IF(O19=0,1,0) -> 0 | T19: =IF(P19=3,1,0) -> 0 | U19: =IF(P19=1,1,0) -> 0 | V19: =IF(P19=0,1,0) -> 0 | AB19: ='Proposte d''Acquisto'!B38 -> DARIO | AC19: =IF(Z19>AA19,3,IF(Z19<AA19,0,IF(Z19="","",1))) | AD19: =IF(AA19>Z19,3,IF(AA19<Z19,0,IF(AA19="","",1))) | AE19: =IF(AC19=3,1,0) -> 0 | AF19: =IF(AC19=1,1,0) -> 0 | AG19: =IF(AC19=0,1,0) -> 0 | AH19: =IF(AD19=3,1,0) -> 0 | AI19: =IF(AD19=1,1,0) -> 0 | AJ19: =IF(AD19=0,1,0) -> 0 | AL19: ='Proposte d''Acquisto'!B18 -> DANIELE | AM19: =IF(AU19>AV19,3,IF(AU19<AV19,0,IF(AU19="","",1))) | AN19: =IF(AV19>AU19,3,IF(AV19<AU19,0,IF(AV19="","",1))) | AO19: =IF(AM19=3,1,0) -> 0 | AP19: =IF(AM19=1,1,0) -> 0 | AQ19: =IF(AM19=0,1,0) -> 0 | AR19: =IF(AN19=3,1,0) -> 0 | AS19: =IF(AN19=1,1,0) -> 0 | AT19: =IF(AN19=0,1,0) -> 0
D20: ='Proposte d''Acquisto'!B33 -> VINCENZO | E20: =IF(B20>C20,3,IF(B20<C20,0,IF(B20="","",1))) | F20: =IF(C20>B20,3,IF(C20<B20,0,IF(C20="","",1))) | G20: =IF(E20=3,1,0) -> 0 | H20: =IF(E20=1,1,0) -> 0 | I20: =IF(E20=0,1,0) -> 0 | J20: =IF(F20=3,1,0) -> 0 | K20: =IF(F20=1,1,0) -> 0 | L20: =IF(F20=0,1,0) -> 0 | N20: ='Proposte d''Acquisto'!B8 -> RICCARDO | O20: =IF(W20>X20,3,IF(W20<X20,0,IF(W20="","",1))) | P20: =IF(X20>W20,3,IF(X20<W20,0,IF(X20="","",1))) | Q20: =IF(O20=3,1,0) -> 0 | R20: =IF(O20=1,1,0) -> 0 | S20: =IF(O20=0,1,0) -> 0 | T20: =IF(P20=3,1,0) -> 0 | U20: =IF(P20=1,1,0) -> 0 | V20: =IF(P20=0,1,0) -> 0 | AB20: ='Proposte d''Acquisto'!B33 -> VINCENZO | AC20: =IF(Z20>AA20,3,IF(Z20<AA20,0,IF(Z20="","",1))) | AD20: =IF(AA20>Z20,3,IF(AA20<Z20,0,IF(AA20="","",1))) | AE20: =IF(AC20=3,1,0) -> 0 | AF20: =IF(AC20=1,1,0) -> 0 | AG20: =IF(AC20=0,1,0) -> 0 | AH20: =IF(AD20=3,1,0) -> 0 | AI20: =IF(AD20=1,1,0) -> 0 | AJ20: =IF(AD20=0,1,0) -> 0 | AL20: ='Proposte d''Acquisto'!B8 -> RICCARDO | AM20: =IF(AU20>AV20,3,IF(AU20<AV20,0,IF(AU20="","",1))) | AN20: =IF(AV20>AU20,3,IF(AV20<AU20,0,IF(AV20="","",1))) | AO20: =IF(AM20=3,1,0) -> 0 | AP20: =IF(AM20=1,1,0) -> 0 | AQ20: =IF(AM20=0,1,0) -> 0 | AR20: =IF(AN20=3,1,0) -> 0 | AS20: =IF(AN20=1,1,0) -> 0 | AT20: =IF(AN20=0,1,0) -> 0 | AX20: Dario | AY20: =AZ20*3+BA20 -> 0 | BC20: =SUM(AZ20,BA20,BB20) -> 0 | BF20: =SUM(BD20-BE20) -> 0 | BG20: =IF(BH20="*",0,SUM(BB20*Premi!H5+BA20*Premi!H4)) -> 0 | BI20: =SUM($E$4,$O$4,$AC$4,$AM$4,$F$14,$P$14,$AD$14,$AN$14,$F$21,$P$21,$AD$21,$AN$21,$E$25,$O$25,$AC$25,$AM$25,$F$34,$P$34,$AD$34,$AN$34,$E$40,$O$40,$AC$40,$AM$40,$F$48,$P$48,$AD$48,$AN$48) -> 0 | BJ20: 0 | BK20: =(BF20*1000)+BD20 -> 0
D21: ='Proposte d''Acquisto'!B28 -> EUGENIO | E21: =IF(B21>C21,3,IF(B21<C21,0,IF(B21="","",1))) | F21: =IF(C21>B21,3,IF(C21<B21,0,IF(C21="","",1))) | G21: =IF(E21=3,1,0) -> 0 | H21: =IF(E21=1,1,0) -> 0 | I21: =IF(E21=0,1,0) -> 0 | J21: =IF(F21=3,1,0) -> 0 | K21: =IF(F21=1,1,0) -> 0 | L21: =IF(F21=0,1,0) -> 0 | N21: ='Proposte d''Acquisto'!B3 -> ENRICO | O21: =IF(W21>X21,3,IF(W21<X21,0,IF(W21="","",1))) | P21: =IF(X21>W21,3,IF(X21<W21,0,IF(X21="","",1))) | Q21: =IF(O21=3,1,0) -> 0 | R21: =IF(O21=1,1,0) -> 0 | S21: =IF(O21=0,1,0) -> 0 | T21: =IF(P21=3,1,0) -> 0 | U21: =IF(P21=1,1,0) -> 0 | V21: =IF(P21=0,1,0) -> 0 | AB21: ='Proposte d''Acquisto'!B28 -> EUGENIO | AC21: =IF(Z21>AA21,3,IF(Z21<AA21,0,IF(Z21="","",1))) | AD21: =IF(AA21>Z21,3,IF(AA21<Z21,0,IF(AA21="","",1))) | AE21: =IF(AC21=3,1,0) -> 0 | AF21: =IF(AC21=1,1,0) -> 0 | AG21: =IF(AC21=0,1,0) -> 0 | AH21: =IF(AD21=3,1,0) -> 0 | AI21: =IF(AD21=1,1,0) -> 0 | AJ21: =IF(AD21=0,1,0) -> 0 | AL21: ='Proposte d''Acquisto'!B3 -> ENRICO | AM21: =IF(AU21>AV21,3,IF(AU21<AV21,0,IF(AU21="","",1))) | AN21: =IF(AV21>AU21,3,IF(AV21<AU21,0,IF(AV21="","",1))) | AO21: =IF(AM21=3,1,0) -> 0 | AP21: =IF(AM21=1,1,0) -> 0 | AQ21: =IF(AM21=0,1,0) -> 0 | AR21: =IF(AN21=3,1,0) -> 0 | AS21: =IF(AN21=1,1,0) -> 0 | AT21: =IF(AN21=0,1,0) -> 0
B24: ANDATA | D24: 4ª GIORNATA - 1° GIRONE | W24: RITORNO | Z24: ANDATA | AB24: 4ª GIORNATA - 2° GIRONE | AU24: RITORNO
D25: ='Proposte d''Acquisto'!B3 -> ENRICO | E25: =IF(B25>C25,3,IF(B25<C25,0,IF(B25="","",1))) | F25: =IF(C25>B25,3,IF(C25<B25,0,IF(C25="","",1))) | G25: =IF(E25=3,1,0) -> 0 | H25: =IF(E25=1,1,0) -> 0 | I25: =IF(E25=0,1,0) -> 0 | J25: =IF(F25=3,1,0) -> 0 | K25: =IF(F25=1,1,0) -> 0 | L25: =IF(F25=0,1,0) -> 0 | N25: ='Proposte d''Acquisto'!B33 -> VINCENZO | O25: =IF(W25>X25,3,IF(W25<X25,0,IF(W25="","",1))) | P25: =IF(X25>W25,3,IF(X25<W25,0,IF(X25="","",1))) | Q25: =IF(O25=3,1,0) -> 0 | R25: =IF(O25=1,1,0) -> 0 | S25: =IF(O25=0,1,0) -> 0 | T25: =IF(P25=3,1,0) -> 0 | U25: =IF(P25=1,1,0) -> 0 | V25: =IF(P25=0,1,0) -> 0 | AB25: ='Proposte d''Acquisto'!B3 -> ENRICO | AC25: =IF(Z25>AA25,3,IF(Z25<AA25,0,IF(Z25="","",1))) | AD25: =IF(AA25>Z25,3,IF(AA25<Z25,0,IF(AA25="","",1))) | AE25: =IF(AC25=3,1,0) -> 0 | AF25: =IF(AC25=1,1,0) -> 0 | AG25: =IF(AC25=0,1,0) -> 0 | AH25: =IF(AD25=3,1,0) -> 0 | AI25: =IF(AD25=1,1,0) -> 0 | AJ25: =IF(AD25=0,1,0) -> 0 | AL25: ='Proposte d''Acquisto'!B33 -> VINCENZO | AM25: =IF(AU25>AV25,3,IF(AU25<AV25,0,IF(AU25="","",1))) | AN25: =IF(AV25>AU25,3,IF(AV25<AU25,0,IF(AV25="","",1))) | AO25: =IF(AM25=3,1,0) -> 0 | AP25: =IF(AM25=1,1,0) -> 0 | AQ25: =IF(AM25=0,1,0) -> 0 | AR25: =IF(AN25=3,1,0) -> 0 | AS25: =IF(AN25=1,1,0) -> 0 | AT25: =IF(AN25=0,1,0) -> 0
D26: ='Proposte d''Acquisto'!B28 -> EUGENIO | E26: =IF(B26>C26,3,IF(B26<C26,0,IF(B26="","",1))) | F26: =IF(C26>B26,3,IF(C26<B26,0,IF(C26="","",1))) | G26: =IF(E26=3,1,0) -> 0 | H26: =IF(E26=1,1,0) -> 0 | I26: =IF(E26=0,1,0) -> 0 | J26: =IF(F26=3,1,0) -> 0 | K26: =IF(F26=1,1,0) -> 0 | L26: =IF(F26=0,1,0) -> 0 | N26: ='Proposte d''Acquisto'!B13 -> FABRIZIO | O26: =IF(W26>X26,3,IF(W26<X26,0,IF(W26="","",1))) | P26: =IF(X26>W26,3,IF(X26<W26,0,IF(X26="","",1))) | Q26: =IF(O26=3,1,0) -> 0 | R26: =IF(O26=1,1,0) -> 0 | S26: =IF(O26=0,1,0) -> 0 | T26: =IF(P26=3,1,0) -> 0 | U26: =IF(P26=1,1,0) -> 0 | V26: =IF(P26=0,1,0) -> 0 | AB26: ='Proposte d''Acquisto'!B28 -> EUGENIO | AC26: =IF(Z26>AA26,3,IF(Z26<AA26,0,IF(Z26="","",1))) | AD26: =IF(AA26>Z26,3,IF(AA26<Z26,0,IF(AA26="","",1))) | AE26: =IF(AC26=3,1,0) -> 0 | AF26: =IF(AC26=1,1,0) -> 0 | AG26: =IF(AC26=0,1,0) -> 0 | AH26: =IF(AD26=3,1,0) -> 0 | AI26: =IF(AD26=1,1,0) -> 0 | AJ26: =IF(AD26=0,1,0) -> 0 | AL26: ='Proposte d''Acquisto'!B13 -> FABRIZIO | AM26: =IF(AU26>AV26,3,IF(AU26<AV26,0,IF(AU26="","",1))) | AN26: =IF(AV26>AU26,3,IF(AV26<AU26,0,IF(AV26="","",1))) | AO26: =IF(AM26=3,1,0) -> 0 | AP26: =IF(AM26=1,1,0) -> 0 | AQ26: =IF(AM26=0,1,0) -> 0 | AR26: =IF(AN26=3,1,0) -> 0 | AS26: =IF(AN26=1,1,0) -> 0 | AT26: =IF(AN26=0,1,0) -> 0
D27: ='Proposte d''Acquisto'!B18 -> DANIELE | E27: =IF(B27>C27,3,IF(B27<C27,0,IF(B27="","",1))) | F27: =IF(C27>B27,3,IF(C27<B27,0,IF(C27="","",1))) | G27: =IF(E27=3,1,0) -> 0 | H27: =IF(E27=1,1,0) -> 0 | I27: =IF(E27=0,1,0) -> 0 | J27: =IF(F27=3,1,0) -> 0 | K27: =IF(F27=1,1,0) -> 0 | L27: =IF(F27=0,1,0) -> 0 | N27: ='Proposte d''Acquisto'!B23 -> MOLINA | O27: =IF(W27>X27,3,IF(W27<X27,0,IF(W27="","",1))) | P27: =IF(X27>W27,3,IF(X27<W27,0,IF(X27="","",1))) | Q27: =IF(O27=3,1,0) -> 0 | R27: =IF(O27=1,1,0) -> 0 | S27: =IF(O27=0,1,0) -> 0 | T27: =IF(P27=3,1,0) -> 0 | U27: =IF(P27=1,1,0) -> 0 | V27: =IF(P27=0,1,0) -> 0 | AB27: ='Proposte d''Acquisto'!B18 -> DANIELE | AC27: =IF(Z27>AA27,3,IF(Z27<AA27,0,IF(Z27="","",1))) | AD27: =IF(AA27>Z27,3,IF(AA27<Z27,0,IF(AA27="","",1))) | AE27: =IF(AC27=3,1,0) -> 0 | AF27: =IF(AC27=1,1,0) -> 0 | AG27: =IF(AC27=0,1,0) -> 0 | AH27: =IF(AD27=3,1,0) -> 0 | AI27: =IF(AD27=1,1,0) -> 0 | AJ27: =IF(AD27=0,1,0) -> 0 | AL27: ='Proposte d''Acquisto'!B23 -> MOLINA | AM27: =IF(AU27>AV27,3,IF(AU27<AV27,0,IF(AU27="","",1))) | AN27: =IF(AV27>AU27,3,IF(AV27<AU27,0,IF(AV27="","",1))) | AO27: =IF(AM27=3,1,0) -> 0 | AP27: =IF(AM27=1,1,0) -> 0 | AQ27: =IF(AM27=0,1,0) -> 0 | AR27: =IF(AN27=3,1,0) -> 0 | AS27: =IF(AN27=1,1,0) -> 0 | AT27: =IF(AN27=0,1,0) -> 0
D28: ='Proposte d''Acquisto'!B8 -> RICCARDO | E28: =IF(B28>C28,3,IF(B28<C28,0,IF(B28="","",1))) | F28: =IF(C28>B28,3,IF(C28<B28,0,IF(C28="","",1))) | G28: =IF(E28=3,1,0) -> 0 | H28: =IF(E28=1,1,0) -> 0 | I28: =IF(E28=0,1,0) -> 0 | J28: =IF(F28=3,1,0) -> 0 | K28: =IF(F28=1,1,0) -> 0 | L28: =IF(F28=0,1,0) -> 0 | N28: ='Proposte d''Acquisto'!B38 -> DARIO | O28: =IF(W28>X28,3,IF(W28<X28,0,IF(W28="","",1))) | P28: =IF(X28>W28,3,IF(X28<W28,0,IF(X28="","",1))) | Q28: =IF(O28=3,1,0) -> 0 | R28: =IF(O28=1,1,0) -> 0 | S28: =IF(O28=0,1,0) -> 0 | T28: =IF(P28=3,1,0) -> 0 | U28: =IF(P28=1,1,0) -> 0 | V28: =IF(P28=0,1,0) -> 0 | AB28: ='Proposte d''Acquisto'!B8 -> RICCARDO | AC28: =IF(Z28>AA28,3,IF(Z28<AA28,0,IF(Z28="","",1))) | AD28: =IF(AA28>Z28,3,IF(AA28<Z28,0,IF(AA28="","",1))) | AE28: =IF(AC28=3,1,0) -> 0 | AF28: =IF(AC28=1,1,0) -> 0 | AG28: =IF(AC28=0,1,0) -> 0 | AH28: =IF(AD28=3,1,0) -> 0 | AI28: =IF(AD28=1,1,0) -> 0 | AJ28: =IF(AD28=0,1,0) -> 0 | AL28: ='Proposte d''Acquisto'!B38 -> DARIO | AM28: =IF(AU28>AV28,3,IF(AU28<AV28,0,IF(AU28="","",1))) | AN28: =IF(AV28>AU28,3,IF(AV28<AU28,0,IF(AV28="","",1))) | AO28: =IF(AM28=3,1,0) -> 0 | AP28: =IF(AM28=1,1,0) -> 0 | AQ28: =IF(AM28=0,1,0) -> 0 | AR28: =IF(AN28=3,1,0) -> 0 | AS28: =IF(AN28=1,1,0) -> 0 | AT28: =IF(AN28=0,1,0) -> 0
B31: ANDATA | D31: 5ª GIORNATA - 1° GIRONE | W31: RITORNO | Z31: ANDATA | AB31: 5ª GIORNATA - 2° GIRONE | AU31: RITORNO
D32: ='Proposte d''Acquisto'!B13 -> FABRIZIO | E32: =IF(B32>C32,3,IF(B32<C32,0,IF(B32="","",1))) | F32: =IF(C32>B32,3,IF(C32<B32,0,IF(C32="","",1))) | G32: =IF(E32=3,1,0) -> 0 | H32: =IF(E32=1,1,0) -> 0 | I32: =IF(E32=0,1,0) -> 0 | J32: =IF(F32=3,1,0) -> 0 | K32: =IF(F32=1,1,0) -> 0 | L32: =IF(F32=0,1,0) -> 0 | N32: ='Proposte d''Acquisto'!B18 -> DANIELE | O32: =IF(W32>X32,3,IF(W32<X32,0,IF(W32="","",1))) | P32: =IF(X32>W32,3,IF(X32<W32,0,IF(X32="","",1))) | Q32: =IF(O32=3,1,0) -> 0 | R32: =IF(O32=1,1,0) -> 0 | S32: =IF(O32=0,1,0) -> 0 | T32: =IF(P32=3,1,0) -> 0 | U32: =IF(P32=1,1,0) -> 0 | V32: =IF(P32=0,1,0) -> 0 | AB32: ='Proposte d''Acquisto'!B13 -> FABRIZIO | AC32: =IF(Z32>AA32,3,IF(Z32<AA32,0,IF(Z32="","",1))) | AD32: =IF(AA32>Z32,3,IF(AA32<Z32,0,IF(AA32="","",1))) | AE32: =IF(AC32=3,1,0) -> 0 | AF32: =IF(AC32=1,1,0) -> 0 | AG32: =IF(AC32=0,1,0) -> 0 | AH32: =IF(AD32=3,1,0) -> 0 | AI32: =IF(AD32=1,1,0) -> 0 | AJ32: =IF(AD32=0,1,0) -> 0 | AL32: ='Proposte d''Acquisto'!B18 -> DANIELE | AM32: =IF(AU32>AV32,3,IF(AU32<AV32,0,IF(AU32="","",1))) | AN32: =IF(AV32>AU32,3,IF(AV32<AU32,0,IF(AV32="","",1))) | AO32: =IF(AM32=3,1,0) -> 0 | AP32: =IF(AM32=1,1,0) -> 0 | AQ32: =IF(AM32=0,1,0) -> 0 | AR32: =IF(AN32=3,1,0) -> 0 | AS32: =IF(AN32=1,1,0) -> 0 | AT32: =IF(AN32=0,1,0) -> 0
D33: ='Proposte d''Acquisto'!B23 -> MOLINA | E33: =IF(B33>C33,3,IF(B33<C33,0,IF(B33="","",1))) | F33: =IF(C33>B33,3,IF(C33<B33,0,IF(C33="","",1))) | G33: =IF(E33=3,1,0) -> 0 | H33: =IF(E33=1,1,0) -> 0 | I33: =IF(E33=0,1,0) -> 0 | J33: =IF(F33=3,1,0) -> 0 | K33: =IF(F33=1,1,0) -> 0 | L33: =IF(F33=0,1,0) -> 0 | N33: ='Proposte d''Acquisto'!B8 -> RICCARDO | O33: =IF(W33>X33,3,IF(W33<X33,0,IF(W33="","",1))) | P33: =IF(X33>W33,3,IF(X33<W33,0,IF(X33="","",1))) | Q33: =IF(O33=3,1,0) -> 0 | R33: =IF(O33=1,1,0) -> 0 | S33: =IF(O33=0,1,0) -> 0 | T33: =IF(P33=3,1,0) -> 0 | U33: =IF(P33=1,1,0) -> 0 | V33: =IF(P33=0,1,0) -> 0 | AB33: ='Proposte d''Acquisto'!B23 -> MOLINA | AC33: =IF(Z33>AA33,3,IF(Z33<AA33,0,IF(Z33="","",1))) | AD33: =IF(AA33>Z33,3,IF(AA33<Z33,0,IF(AA33="","",1))) | AE33: =IF(AC33=3,1,0) -> 0 | AF33: =IF(AC33=1,1,0) -> 0 | AG33: =IF(AC33=0,1,0) -> 0 | AH33: =IF(AD33=3,1,0) -> 0 | AI33: =IF(AD33=1,1,0) -> 0 | AJ33: =IF(AD33=0,1,0) -> 0 | AL33: ='Proposte d''Acquisto'!B8 -> RICCARDO | AM33: =IF(AU33>AV33,3,IF(AU33<AV33,0,IF(AU33="","",1))) | AN33: =IF(AV33>AU33,3,IF(AV33<AU33,0,IF(AV33="","",1))) | AO33: =IF(AM33=3,1,0) -> 0 | AP33: =IF(AM33=1,1,0) -> 0 | AQ33: =IF(AM33=0,1,0) -> 0 | AR33: =IF(AN33=3,1,0) -> 0 | AS33: =IF(AN33=1,1,0) -> 0 | AT33: =IF(AN33=0,1,0) -> 0
D34: ='Proposte d''Acquisto'!B38 -> DARIO | E34: =IF(B34>C34,3,IF(B34<C34,0,IF(B34="","",1))) | F34: =IF(C34>B34,3,IF(C34<B34,0,IF(C34="","",1))) | G34: =IF(E34=3,1,0) -> 0 | H34: =IF(E34=1,1,0) -> 0 | I34: =IF(E34=0,1,0) -> 0 | J34: =IF(F34=3,1,0) -> 0 | K34: =IF(F34=1,1,0) -> 0 | L34: =IF(F34=0,1,0) -> 0 | N34: ='Proposte d''Acquisto'!B3 -> ENRICO | O34: =IF(W34>X34,3,IF(W34<X34,0,IF(W34="","",1))) | P34: =IF(X34>W34,3,IF(X34<W34,0,IF(X34="","",1))) | Q34: =IF(O34=3,1,0) -> 0 | R34: =IF(O34=1,1,0) -> 0 | S34: =IF(O34=0,1,0) -> 0 | T34: =IF(P34=3,1,0) -> 0 | U34: =IF(P34=1,1,0) -> 0 | V34: =IF(P34=0,1,0) -> 0 | AB34: ='Proposte d''Acquisto'!B38 -> DARIO | AC34: =IF(Z34>AA34,3,IF(Z34<AA34,0,IF(Z34="","",1))) | AD34: =IF(AA34>Z34,3,IF(AA34<Z34,0,IF(AA34="","",1))) | AE34: =IF(AC34=3,1,0) -> 0 | AF34: =IF(AC34=1,1,0) -> 0 | AG34: =IF(AC34=0,1,0) -> 0 | AH34: =IF(AD34=3,1,0) -> 0 | AI34: =IF(AD34=1,1,0) -> 0 | AJ34: =IF(AD34=0,1,0) -> 0 | AL34: ='Proposte d''Acquisto'!B3 -> ENRICO | AM34: =IF(AU34>AV34,3,IF(AU34<AV34,0,IF(AU34="","",1))) | AN34: =IF(AV34>AU34,3,IF(AV34<AU34,0,IF(AV34="","",1))) | AO34: =IF(AM34=3,1,0) -> 0 | AP34: =IF(AM34=1,1,0) -> 0 | AQ34: =IF(AM34=0,1,0) -> 0 | AR34: =IF(AN34=3,1,0) -> 0 | AS34: =IF(AN34=1,1,0) -> 0 | AT34: =IF(AN34=0,1,0) -> 0
D35: ='Proposte d''Acquisto'!B33 -> VINCENZO | E35: =IF(B35>C35,3,IF(B35<C35,0,IF(B35="","",1))) | F35: =IF(C35>B35,3,IF(C35<B35,0,IF(C35="","",1))) | G35: =IF(E35=3,1,0) -> 0 | H35: =IF(E35=1,1,0) -> 0 | I35: =IF(E35=0,1,0) -> 0 | J35: =IF(F35=3,1,0) -> 0 | K35: =IF(F35=1,1,0) -> 0 | L35: =IF(F35=0,1,0) -> 0 | N35: ='Proposte d''Acquisto'!B28 -> EUGENIO | O35: =IF(W35>X35,3,IF(W35<X35,0,IF(W35="","",1))) | P35: =IF(X35>W35,3,IF(X35<W35,0,IF(X35="","",1))) | Q35: =IF(O35=3,1,0) -> 0 | R35: =IF(O35=1,1,0) -> 0 | S35: =IF(O35=0,1,0) -> 0 | T35: =IF(P35=3,1,0) -> 0 | U35: =IF(P35=1,1,0) -> 0 | V35: =IF(P35=0,1,0) -> 0 | AB35: ='Proposte d''Acquisto'!B33 -> VINCENZO | AC35: =IF(Z35>AA35,3,IF(Z35<AA35,0,IF(Z35="","",1))) | AD35: =IF(AA35>Z35,3,IF(AA35<Z35,0,IF(AA35="","",1))) | AE35: =IF(AC35=3,1,0) -> 0 | AF35: =IF(AC35=1,1,0) -> 0 | AG35: =IF(AC35=0,1,0) -> 0 | AH35: =IF(AD35=3,1,0) -> 0 | AI35: =IF(AD35=1,1,0) -> 0 | AJ35: =IF(AD35=0,1,0) -> 0 | AL35: ='Proposte d''Acquisto'!B28 -> EUGENIO | AM35: =IF(AU35>AV35,3,IF(AU35<AV35,0,IF(AU35="","",1))) | AN35: =IF(AV35>AU35,3,IF(AV35<AU35,0,IF(AV35="","",1))) | AO35: =IF(AM35=3,1,0) -> 0 | AP35: =IF(AM35=1,1,0) -> 0 | AQ35: =IF(AM35=0,1,0) -> 0 | AR35: =IF(AN35=3,1,0) -> 0 | AS35: =IF(AN35=1,1,0) -> 0 | AT35: =IF(AN35=0,1,0) -> 0
B38: ANDATA | D38: 6ª GIORNATA - 1° GIRONE | W38: RITORNO | Z38: ANDATA | AB38: 6ª GIORNATA - 2° GIRONE | AU38: RITORNO
D39: ='Proposte d''Acquisto'!B8 -> RICCARDO | E39: =IF(B39>C39,3,IF(B39<C39,0,IF(B39="","",1))) | F39: =IF(C39>B39,3,IF(C39<B39,0,IF(C39="","",1))) | G39: =IF(E39=3,1,0) -> 0 | H39: =IF(E39=1,1,0) -> 0 | I39: =IF(E39=0,1,0) -> 0 | J39: =IF(F39=3,1,0) -> 0 | K39: =IF(F39=1,1,0) -> 0 | L39: =IF(F39=0,1,0) -> 0 | N39: ='Proposte d''Acquisto'!B18 -> DANIELE | O39: =IF(W39>X39,3,IF(W39<X39,0,IF(W39="","",1))) | P39: =IF(X39>W39,3,IF(X39<W39,0,IF(X39="","",1))) | Q39: =IF(O39=3,1,0) -> 0 | R39: =IF(O39=1,1,0) -> 0 | S39: =IF(O39=0,1,0) -> 0 | T39: =IF(P39=3,1,0) -> 0 | U39: =IF(P39=1,1,0) -> 0 | V39: =IF(P39=0,1,0) -> 0 | AB39: ='Proposte d''Acquisto'!B8 -> RICCARDO | AC39: =IF(Z39>AA39,3,IF(Z39<AA39,0,IF(Z39="","",1))) | AD39: =IF(AA39>Z39,3,IF(AA39<Z39,0,IF(AA39="","",1))) | AE39: =IF(AC39=3,1,0) -> 0 | AF39: =IF(AC39=1,1,0) -> 0 | AG39: =IF(AC39=0,1,0) -> 0 | AH39: =IF(AD39=3,1,0) -> 0 | AI39: =IF(AD39=1,1,0) -> 0 | AJ39: =IF(AD39=0,1,0) -> 0 | AL39: ='Proposte d''Acquisto'!B18 -> DANIELE | AM39: =IF(AU39>AV39,3,IF(AU39<AV39,0,IF(AU39="","",1))) | AN39: =IF(AV39>AU39,3,IF(AV39<AU39,0,IF(AV39="","",1))) | AO39: =IF(AM39=3,1,0) -> 0 | AP39: =IF(AM39=1,1,0) -> 0 | AQ39: =IF(AM39=0,1,0) -> 0 | AR39: =IF(AN39=3,1,0) -> 0 | AS39: =IF(AN39=1,1,0) -> 0 | AT39: =IF(AN39=0,1,0) -> 0
D40: ='Proposte d''Acquisto'!B3 -> ENRICO | E40: =IF(B40>C40,3,IF(B40<C40,0,IF(B40="","",1))) | F40: =IF(C40>B40,3,IF(C40<B40,0,IF(C40="","",1))) | G40: =IF(E40=3,1,0) -> 0 | H40: =IF(E40=1,1,0) -> 0 | I40: =IF(E40=0,1,0) -> 0 | J40: =IF(F40=3,1,0) -> 0 | K40: =IF(F40=1,1,0) -> 0 | L40: =IF(F40=0,1,0) -> 0 | N40: ='Proposte d''Acquisto'!B13 -> FABRIZIO | O40: =IF(W40>X40,3,IF(W40<X40,0,IF(W40="","",1))) | P40: =IF(X40>W40,3,IF(X40<W40,0,IF(X40="","",1))) | Q40: =IF(O40=3,1,0) -> 0 | R40: =IF(O40=1,1,0) -> 0 | S40: =IF(O40=0,1,0) -> 0 | T40: =IF(P40=3,1,0) -> 0 | U40: =IF(P40=1,1,0) -> 0 | V40: =IF(P40=0,1,0) -> 0 | AB40: ='Proposte d''Acquisto'!B3 -> ENRICO | AC40: =IF(Z40>AA40,3,IF(Z40<AA40,0,IF(Z40="","",1))) | AD40: =IF(AA40>Z40,3,IF(AA40<Z40,0,IF(AA40="","",1))) | AE40: =IF(AC40=3,1,0) -> 0 | AF40: =IF(AC40=1,1,0) -> 0 | AG40: =IF(AC40=0,1,0) -> 0 | AH40: =IF(AD40=3,1,0) -> 0 | AI40: =IF(AD40=1,1,0) -> 0 | AJ40: =IF(AD40=0,1,0) -> 0 | AL40: ='Proposte d''Acquisto'!B13 -> FABRIZIO | AM40: =IF(AU40>AV40,3,IF(AU40<AV40,0,IF(AU40="","",1))) | AN40: =IF(AV40>AU40,3,IF(AV40<AU40,0,IF(AV40="","",1))) | AO40: =IF(AM40=3,1,0) -> 0 | AP40: =IF(AM40=1,1,0) -> 0 | AQ40: =IF(AM40=0,1,0) -> 0 | AR40: =IF(AN40=3,1,0) -> 0 | AS40: =IF(AN40=1,1,0) -> 0 | AT40: =IF(AN40=0,1,0) -> 0
D41: ='Proposte d''Acquisto'!B33 -> VINCENZO | E41: =IF(B41>C41,3,IF(B41<C41,0,IF(B41="","",1))) | F41: =IF(C41>B41,3,IF(C41<B41,0,IF(C41="","",1))) | G41: =IF(E41=3,1,0) -> 0 | H41: =IF(E41=1,1,0) -> 0 | I41: =IF(E41=0,1,0) -> 0 | J41: =IF(F41=3,1,0) -> 0 | K41: =IF(F41=1,1,0) -> 0 | L41: =IF(F41=0,1,0) -> 0 | N41: ='Proposte d''Acquisto'!B23 -> MOLINA | O41: =IF(W41>X41,3,IF(W41<X41,0,IF(W41="","",1))) | P41: =IF(X41>W41,3,IF(X41<W41,0,IF(X41="","",1))) | Q41: =IF(O41=3,1,0) -> 0 | R41: =IF(O41=1,1,0) -> 0 | S41: =IF(O41=0,1,0) -> 0 | T41: =IF(P41=3,1,0) -> 0 | U41: =IF(P41=1,1,0) -> 0 | V41: =IF(P41=0,1,0) -> 0 | AB41: ='Proposte d''Acquisto'!B33 -> VINCENZO | AC41: =IF(Z41>AA41,3,IF(Z41<AA41,0,IF(Z41="","",1))) | AD41: =IF(AA41>Z41,3,IF(AA41<Z41,0,IF(AA41="","",1))) | AE41: =IF(AC41=3,1,0) -> 0 | AF41: =IF(AC41=1,1,0) -> 0 | AG41: =IF(AC41=0,1,0) -> 0 | AH41: =IF(AD41=3,1,0) -> 0 | AI41: =IF(AD41=1,1,0) -> 0 | AJ41: =IF(AD41=0,1,0) -> 0 | AL41: ='Proposte d''Acquisto'!B23 -> MOLINA | AM41: =IF(AU41>AV41,3,IF(AU41<AV41,0,IF(AU41="","",1))) | AN41: =IF(AV41>AU41,3,IF(AV41<AU41,0,IF(AV41="","",1))) | AO41: =IF(AM41=3,1,0) -> 0 | AP41: =IF(AM41=1,1,0) -> 0 | AQ41: =IF(AM41=0,1,0) -> 0 | AR41: =IF(AN41=3,1,0) -> 0 | AS41: =IF(AN41=1,1,0) -> 0 | AT41: =IF(AN41=0,1,0) -> 0
D42: ='Proposte d''Acquisto'!B28 -> EUGENIO | E42: =IF(B42>C42,3,IF(B42<C42,0,IF(B42="","",1))) | F42: =IF(C42>B42,3,IF(C42<B42,0,IF(C42="","",1))) | G42: =IF(E42=3,1,0) -> 0 | H42: =IF(E42=1,1,0) -> 0 | I42: =IF(E42=0,1,0) -> 0 | J42: =IF(F42=3,1,0) -> 0 | K42: =IF(F42=1,1,0) -> 0 | L42: =IF(F42=0,1,0) -> 0 | N42: ='Proposte d''Acquisto'!B38 -> DARIO | O42: =IF(W42>X42,3,IF(W42<X42,0,IF(W42="","",1))) | P42: =IF(X42>W42,3,IF(X42<W42,0,IF(X42="","",1))) | Q42: =IF(O42=3,1,0) -> 0 | R42: =IF(O42=1,1,0) -> 0 | S42: =IF(O42=0,1,0) -> 0 | T42: =IF(P42=3,1,0) -> 0 | U42: =IF(P42=1,1,0) -> 0 | V42: =IF(P42=0,1,0) -> 0 | AB42: ='Proposte d''Acquisto'!B28 -> EUGENIO | AC42: =IF(Z42>AA42,3,IF(Z42<AA42,0,IF(Z42="","",1))) | AD42: =IF(AA42>Z42,3,IF(AA42<Z42,0,IF(AA42="","",1))) | AE42: =IF(AC42=3,1,0) -> 0 | AF42: =IF(AC42=1,1,0) -> 0 | AG42: =IF(AC42=0,1,0) -> 0 | AH42: =IF(AD42=3,1,0) -> 0 | AI42: =IF(AD42=1,1,0) -> 0 | AJ42: =IF(AD42=0,1,0) -> 0 | AL42: ='Proposte d''Acquisto'!B38 -> DARIO | AM42: =IF(AU42>AV42,3,IF(AU42<AV42,0,IF(AU42="","",1))) | AN42: =IF(AV42>AU42,3,IF(AV42<AU42,0,IF(AV42="","",1))) | AO42: =IF(AM42=3,1,0) -> 0 | AP42: =IF(AM42=1,1,0) -> 0 | AQ42: =IF(AM42=0,1,0) -> 0 | AR42: =IF(AN42=3,1,0) -> 0 | AS42: =IF(AN42=1,1,0) -> 0 | AT42: =IF(AN42=0,1,0) -> 0
B45: ANDATA | D45: 7ª GIORNATA - 1° GIRONE | W45: RITORNO | Z45: ANDATA | AB45: 7ª GIORNATA - 2° GIRONE | AU45: RITORNO
D46: ='Proposte d''Acquisto'!B18 -> DANIELE | E46: =IF(B46>C46,3,IF(B46<C46,0,IF(B46="","",1))) | F46: =IF(C46>B46,3,IF(C46<B46,0,IF(C46="","",1))) | G46: =IF(E46=3,1,0) -> 0 | H46: =IF(E46=1,1,0) -> 0 | I46: =IF(E46=0,1,0) -> 0 | J46: =IF(F46=3,1,0) -> 0 | K46: =IF(F46=1,1,0) -> 0 | L46: =IF(F46=0,1,0) -> 0 | N46: ='Proposte d''Acquisto'!B28 -> EUGENIO | O46: =IF(W46>X46,3,IF(W46<X46,0,IF(W46="","",1))) | P46: =IF(X46>W46,3,IF(X46<W46,0,IF(X46="","",1))) | Q46: =IF(O46=3,1,0) -> 0 | R46: =IF(O46=1,1,0) -> 0 | S46: =IF(O46=0,1,0) -> 0 | T46: =IF(P46=3,1,0) -> 0 | U46: =IF(P46=1,1,0) -> 0 | V46: =IF(P46=0,1,0) -> 0 | AB46: ='Proposte d''Acquisto'!B18 -> DANIELE | AC46: =IF(Z46>AA46,3,IF(Z46<AA46,0,IF(Z46="","",1))) | AD46: =IF(AA46>Z46,3,IF(AA46<Z46,0,IF(AA46="","",1))) | AE46: =IF(AC46=3,1,0) -> 0 | AF46: =IF(AC46=1,1,0) -> 0 | AG46: =IF(AC46=0,1,0) -> 0 | AH46: =IF(AD46=3,1,0) -> 0 | AI46: =IF(AD46=1,1,0) -> 0 | AJ46: =IF(AD46=0,1,0) -> 0 | AL46: ='Proposte d''Acquisto'!B28 -> EUGENIO | AM46: =IF(AU46>AV46,3,IF(AU46<AV46,0,IF(AU46="","",1))) | AN46: =IF(AV46>AU46,3,IF(AV46<AU46,0,IF(AV46="","",1))) | AO46: =IF(AM46=3,1,0) -> 0 | AP46: =IF(AM46=1,1,0) -> 0 | AQ46: =IF(AM46=0,1,0) -> 0 | AR46: =IF(AN46=3,1,0) -> 0 | AS46: =IF(AN46=1,1,0) -> 0 | AT46: =IF(AN46=0,1,0) -> 0
D47: ='Proposte d''Acquisto'!B13 -> FABRIZIO | E47: =IF(B47>C47,3,IF(B47<C47,0,IF(B47="","",1))) | F47: =IF(C47>B47,3,IF(C47<B47,0,IF(C47="","",1))) | G47: =IF(E47=3,1,0) -> 0 | H47: =IF(E47=1,1,0) -> 0 | I47: =IF(E47=0,1,0) -> 0 | J47: =IF(F47=3,1,0) -> 0 | K47: =IF(F47=1,1,0) -> 0 | L47: =IF(F47=0,1,0) -> 0 | N47: ='Proposte d''Acquisto'!B8 -> RICCARDO | O47: =IF(W47>X47,3,IF(W47<X47,0,IF(W47="","",1))) | P47: =IF(X47>W47,3,IF(X47<W47,0,IF(X47="","",1))) | Q47: =IF(O47=3,1,0) -> 0 | R47: =IF(O47=1,1,0) -> 0 | S47: =IF(O47=0,1,0) -> 0 | T47: =IF(P47=3,1,0) -> 0 | U47: =IF(P47=1,1,0) -> 0 | V47: =IF(P47=0,1,0) -> 0 | AB47: ='Proposte d''Acquisto'!B13 -> FABRIZIO | AC47: =IF(Z47>AA47,3,IF(Z47<AA47,0,IF(Z47="","",1))) | AD47: =IF(AA47>Z47,3,IF(AA47<Z47,0,IF(AA47="","",1))) | AE47: =IF(AC47=3,1,0) -> 0 | AF47: =IF(AC47=1,1,0) -> 0 | AG47: =IF(AC47=0,1,0) -> 0 | AH47: =IF(AD47=3,1,0) -> 0 | AI47: =IF(AD47=1,1,0) -> 0 | AJ47: =IF(AD47=0,1,0) -> 0 | AL47: ='Proposte d''Acquisto'!B8 -> RICCARDO | AM47: =IF(AU47>AV47,3,IF(AU47<AV47,0,IF(AU47="","",1))) | AN47: =IF(AV47>AU47,3,IF(AV47<AU47,0,IF(AV47="","",1))) | AO47: =IF(AM47=3,1,0) -> 0 | AP47: =IF(AM47=1,1,0) -> 0 | AQ47: =IF(AM47=0,1,0) -> 0 | AR47: =IF(AN47=3,1,0) -> 0 | AS47: =IF(AN47=1,1,0) -> 0 | AT47: =IF(AN47=0,1,0) -> 0
D48: ='Proposte d''Acquisto'!B23 -> MOLINA | E48: =IF(B48>C48,3,IF(B48<C48,0,IF(B48="","",1))) | F48: =IF(C48>B48,3,IF(C48<B48,0,IF(C48="","",1))) | G48: =IF(E48=3,1,0) -> 0 | H48: =IF(E48=1,1,0) -> 0 | I48: =IF(E48=0,1,0) -> 0 | J48: =IF(F48=3,1,0) -> 0 | K48: =IF(F48=1,1,0) -> 0 | L48: =IF(F48=0,1,0) -> 0 | N48: ='Proposte d''Acquisto'!B3 -> ENRICO | O48: =IF(W48>X48,3,IF(W48<X48,0,IF(W48="","",1))) | P48: =IF(X48>W48,3,IF(X48<W48,0,IF(X48="","",1))) | Q48: =IF(O48=3,1,0) -> 0 | R48: =IF(O48=1,1,0) -> 0 | S48: =IF(O48=0,1,0) -> 0 | T48: =IF(P48=3,1,0) -> 0 | U48: =IF(P48=1,1,0) -> 0 | V48: =IF(P48=0,1,0) -> 0 | AB48: ='Proposte d''Acquisto'!B23 -> MOLINA | AC48: =IF(Z48>AA48,3,IF(Z48<AA48,0,IF(Z48="","",1))) | AD48: =IF(AA48>Z48,3,IF(AA48<Z48,0,IF(AA48="","",1))) | AE48: =IF(AC48=3,1,0) -> 0 | AF48: =IF(AC48=1,1,0) -> 0 | AG48: =IF(AC48=0,1,0) -> 0 | AH48: =IF(AD48=3,1,0) -> 0 | AI48: =IF(AD48=1,1,0) -> 0 | AJ48: =IF(AD48=0,1,0) -> 0 | AL48: ='Proposte d''Acquisto'!B3 -> ENRICO | AM48: =IF(AU48>AV48,3,IF(AU48<AV48,0,IF(AU48="","",1))) | AN48: =IF(AV48>AU48,3,IF(AV48<AU48,0,IF(AV48="","",1))) | AO48: =IF(AM48=3,1,0) -> 0 | AP48: =IF(AM48=1,1,0) -> 0 | AQ48: =IF(AM48=0,1,0) -> 0 | AR48: =IF(AN48=3,1,0) -> 0 | AS48: =IF(AN48=1,1,0) -> 0 | AT48: =IF(AN48=0,1,0) -> 0
D49: ='Proposte d''Acquisto'!B38 -> DARIO | E49: =IF(B49>C49,3,IF(B49<C49,0,IF(B49="","",1))) | F49: =IF(C49>B49,3,IF(C49<B49,0,IF(C49="","",1))) | G49: =IF(E49=3,1,0) -> 0 | H49: =IF(E49=1,1,0) -> 0 | I49: =IF(E49=0,1,0) -> 0 | J49: =IF(F49=3,1,0) -> 0 | K49: =IF(F49=1,1,0) -> 0 | L49: =IF(F49=0,1,0) -> 0 | N49: ='Proposte d''Acquisto'!B33 -> VINCENZO | O49: =IF(W49>X49,3,IF(W49<X49,0,IF(W49="","",1))) | P49: =IF(X49>W49,3,IF(X49<W49,0,IF(X49="","",1))) | Q49: =IF(O49=3,1,0) -> 0 | R49: =IF(O49=1,1,0) -> 0 | S49: =IF(O49=0,1,0) -> 0 | T49: =IF(P49=3,1,0) -> 0 | U49: =IF(P49=1,1,0) -> 0 | V49: =IF(P49=0,1,0) -> 0 | AB49: ='Proposte d''Acquisto'!B38 -> DARIO | AC49: =IF(Z49>AA49,3,IF(Z49<AA49,0,IF(Z49="","",1))) | AD49: =IF(AA49>Z49,3,IF(AA49<Z49,0,IF(AA49="","",1))) | AE49: =IF(AC49=3,1,0) -> 0 | AF49: =IF(AC49=1,1,0) -> 0 | AG49: =IF(AC49=0,1,0) -> 0 | AH49: =IF(AD49=3,1,0) -> 0 | AI49: =IF(AD49=1,1,0) -> 0 | AJ49: =IF(AD49=0,1,0) -> 0 | AL49: ='Proposte d''Acquisto'!B33 -> VINCENZO | AM49: =IF(AU49>AV49,3,IF(AU49<AV49,0,IF(AU49="","",1))) | AN49: =IF(AV49>AU49,3,IF(AV49<AU49,0,IF(AV49="","",1))) | AO49: =IF(AM49=3,1,0) -> 0 | AP49: =IF(AM49=1,1,0) -> 0 | AQ49: =IF(AM49=0,1,0) -> 0 | AR49: =IF(AN49=3,1,0) -> 0 | AS49: =IF(AN49=1,1,0) -> 0 | AT49: =IF(AN49=0,1,0) -> 0

Sheet Grafico
D9: ='Proposte d''Acquisto'!B33 -> VINCENZO | E9: ='Proposte d''Acquisto'!B23 -> MOLINA | F9: ='Proposte d''Acquisto'!B38 -> DARIO | G9: ='Proposte d''Acquisto'!B13 -> FABRIZIO | H9: ='Proposte d''Acquisto'!B18 -> DANIELE | I9: ='Proposte d''Acquisto'!B8 -> RICCARDO | J9: ='Proposte d''Acquisto'!B3 -> ENRICO | K9: ='Proposte d''Acquisto'!B28 -> EUGENIO
C10: 0 | D10: 0 | E10: 0 | F10: 0 | G10: 0 | H10: 0 | I10: 0 | J10: 0 | K10: 0
C11: 1 | D11: =SUM(CAMPIONATO!$E$7) -> 0 | E11: =SUM(CAMPIONATO!$E$6) -> 0 | F11: =SUM(CAMPIONATO!$F$5) -> 0 | G11: =SUM(CAMPIONATO!$E$5) -> 0 | H11: =SUM(CAMPIONATO!$F$7) -> 0 | I11: =SUM(CAMPIONATO!$F$4) -> 0 | J11: =SUM(CAMPIONATO!$E$4) -> 0 | K11: =SUM(CAMPIONATO!$F$6) -> 0
C12: 2 | D12: =SUM(CAMPIONATO!$E$7,CAMPIONATO!$F$12) -> 0 | E12: =SUM(CAMPIONATO!$E$6,CAMPIONATO!$F$13) -> 0 | F12: =SUM(CAMPIONATO!$F$5,CAMPIONATO!$E$13) -> 0 | G12: =SUM(CAMPIONATO!$E$5,CAMPIONATO!$E$12) -> 0 | H12: =SUM(CAMPIONATO!$F$7,CAMPIONATO!$E$14) -> 0 | I12: =SUM(CAMPIONATO!$F$4,CAMPIONATO!$E$11) -> 0 | J12: =SUM(CAMPIONATO!$E$4,CAMPIONATO!$F$14) -> 0 | K12: =SUM(CAMPIONATO!$F$6,CAMPIONATO!$F$11) -> 0
C13: 3 | D13: =SUM(CAMPIONATO!$E$7,CAMPIONATO!$F$12,CAMPIONATO!$E$20) -> 0 | E13: =SUM(CAMPIONATO!$E$6,CAMPIONATO!$F$13,CAMPIONATO!$E$18) -> 0 | F13: =SUM(CAMPIONATO!$F$5,CAMPIONATO!$E$13,CAMPIONATO!$E$19) -> 0 | G13: =SUM(CAMPIONATO!$E$5,CAMPIONATO!$E$12,CAMPIONATO!$F$18) -> 0 | H13: =SUM(CAMPIONATO!$F$7,CAMPIONATO!$E$14,CAMPIONATO!$F$19) -> 0 | I13: =SUM(CAMPIONATO!$F$4,CAMPIONATO!$E$11,CAMPIONATO!$F$20) -> 0 | J13: =SUM(CAMPIONATO!$E$4,CAMPIONATO!$F$14,CAMPIONATO!$F$21) -> 0 | K13: =SUM(CAMPIONATO!$F$6,CAMPIONATO!$F$11,CAMPIONATO!$E$21) -> 0
C14: 4 | D14: =SUM(CAMPIONATO!$E$7,CAMPIONATO!$F$12,CAMPIONATO!$E$20,CAMPIONATO!$F$25) -> 0 | E14: =SUM(CAMPIONATO!$E$6,CAMPIONATO!$F$13,CAMPIONATO!$E$18,CAMPIONATO!$F$27) -> 0 | F14: =SUM(CAMPIONATO!$F$5,CAMPIONATO!$E$13,CAMPIONATO!$E$19,CAMPIONATO!$F$28) -> 0 | G14: =SUM(CAMPIONATO!$E$5,CAMPIONATO!$E$12,CAMPIONATO!$F$18,CAMPIONATO!$F$26) -> 0 | H14: =SUM(CAMPIONATO!$F$7,CAMPIONATO!$E$14,CAMPIONATO!$F$19,CAMPIONATO!$E$27) -> 0 | I14: =SUM(CAMPIONATO!$F$4,CAMPIONATO!$E$11,CAMPIONATO!$F$20,CAMPIONATO!$E$28) -> 0 | J14: =SUM(CAMPIONATO!$E$4,CAMPIONATO!$F$14,CAMPIONATO!$F$21,CAMPIONATO!$E$25) -> 0 | K14: =SUM(CAMPIONATO!$F$6,CAMPIONATO!$F$11,CAMPIONATO!$E$21,CAMPIONATO!$E$26) -> 0
C15: 5 | D15: =SUM(CAMPIONATO!$E$7,CAMPIONATO!$F$12,CAMPIONATO!$E$20,CAMPIONATO!$F$25,CAMPIONATO!$E$35) -> 0 | E15: =SUM(CAMPIONATO!$E$6,CAMPIONATO!$F$13,CAMPIONATO!$E$18,CAMPIONATO!$F$27,CAMPIONATO!$E$33) -> 0 | F15: =SUM(CAMPIONATO!$F$5,CAMPIONATO!$E$13,CAMPIONATO!$E$19,CAMPIONATO!$F$28,CAMPIONATO!$E$34) -> 0 | G15: =SUM(CAMPIONATO!$E$5,CAMPIONATO!$E$12,CAMPIONATO!$F$18,CAMPIONATO!$F$26,CAMPIONATO!$E$32) -> 0 | H15: =SUM(CAMPIONATO!$F$7,CAMPIONATO!$E$14,CAMPIONATO!$F$19,CAMPIONATO!$E$27,CAMPIONATO!$F$32) -> 0 | I15: =SUM(CAMPIONATO!$F$4,CAMPIONATO!$E$11,CAMPIONATO!$F$20,CAMPIONATO!$E$28,CAMPIONATO!$F$33) -> 0 | J15: =SUM(CAMPIONATO!$E$4,CAMPIONATO!$F$14,CAMPIONATO!$F$21,CAMPIONATO!$E$25,CAMPIONATO!$F$34) -> 0 | K15: =SUM(CAMPIONATO!$F$6,CAMPIONATO!$F$11,CAMPIONATO!$E$21,CAMPIONATO!$E$26,CAMPIONATO!$F$35) -> 0
C16: 6 | D16: =SUM(CAMPIONATO!$E$7,CAMPIONATO!$F$12,CAMPIONATO!$E$20,CAMPIONATO!$F$25,CAMPIONATO!$E$35,CAMPIONATO!$E$41) -> 0 | E16: =SUM(CAMPIONATO!$E$6,CAMPIONATO!$F$13,CAMPIONATO!$E$18,CAMPIONATO!$F$27,CAMPIONATO!$E$33,CAMPIONATO!$F$41) -> 0 | F16: =SUM(CAMPIONATO!$F$5,CAMPIONATO!$E$13,CAMPIONATO!$E$19,CAMPIONATO!$F$28,CAMPIONATO!$E$34,CAMPIONATO!$F$42) -> 0 | G16: =SUM(CAMPIONATO!$E$5,CAMPIONATO!$E$12,CAMPIONATO!$F$18,CAMPIONATO!$F$26,CAMPIONATO!$E$32,CAMPIONATO!$F$40) -> 0 | H16: =SUM(CAMPIONATO!$F$7,CAMPIONATO!$E$14,CAMPIONATO!$F$19,CAMPIONATO!$E$27,CAMPIONATO!$F$32,CAMPIONATO!$F$39) -> 0 | I16: =SUM(CAMPIONATO!$F$4,CAMPIONATO!$E$11,CAMPIONATO!$F$20,CAMPIONATO!$E$28,CAMPIONATO!$F$33,CAMPIONATO!$E$39) -> 0 | J16: =SUM(CAMPIONATO!$E$4,CAMPIONATO!$F$14,CAMPIONATO!$F$21,CAMPIONATO!$E$25,CAMPIONATO!$F$34,CAMPIONATO!$E$40) -> 0 | K16: =SUM(CAMPIONATO!$F$6,CAMPIONATO!$F$11,CAMPIONATO!$E$21,CAMPIONATO!$E$26,CAMPIONATO!$F$35,CAMPIONATO!$E$42) -> 0
C17: 7 | D17: =SUM(CAMPIONATO!$E$7,CAMPIONATO!$F$12,CAMPIONATO!$E$20,CAMPIONATO!$F$25,CAMPIONATO!$E$35,CAMPIONATO!$E$41,CAMPIONATO!$F$49) -> 0 | E17: =SUM(CAMPIONATO!$E$6,CAMPIONATO!$F$13,CAMPIONATO!$E$18,CAMPIONATO!$F$27,CAMPIONATO!$E$33,CAMPIONATO!$F$41,CAMPIONATO!$E$48) -> 0 | F17: =SUM(CAMPIONATO!$F$5,CAMPIONATO!$E$13,CAMPIONATO!$E$19,CAMPIONATO!$F$28,CAMPIONATO!$E$34,CAMPIONATO!$F$42,CAMPIONATO!$E$49) -> 0 | G17: =SUM(CAMPIONATO!$E$5,CAMPIONATO!$E$12,CAMPIONATO!$F$18,CAMPIONATO!$F$26,CAMPIONATO!$E$32,CAMPIONATO!$F$40,CAMPIONATO!$E$47) -> 0 | H17: =SUM(CAMPIONATO!$F$7,CAMPIONATO!$E$14,CAMPIONATO!$F$19,CAMPIONATO!$E$27,CAMPIONATO!$F$32,CAMPIONATO!$F$39,CAMPIONATO!$E$46) -> 0 | I17: =SUM(CAMPIONATO!$F$4,CAMPIONATO!$E$11,CAMPIONATO!$F$20,CAMPIONATO!$E$28,CAMPIONATO!$F$33,CAMPIONATO!$E$39,CAMPIONATO!$F$47) -> 0 | J17: =SUM(CAMPIONATO!$E$4,CAMPIONATO!$F$14,CAMPIONATO!$F$21,CAMPIONATO!$E$25,CAMPIONATO!$F$34,CAMPIONATO!$E$40,CAMPIONATO!$F$48) -> 0 | K17: =SUM(CAMPIONATO!$F$6,CAMPIONATO!$F$11,CAMPIONATO!$E$21,CAMPIONATO!$E$26,CAMPIONATO!$F$35,CAMPIONATO!$E$42,CAMPIONATO!$F$46) -> 0
C18: 8 | D18: =SUM(CAMPIONATO!$E$7,CAMPIONATO!$F$12,CAMPIONATO!$E$20,CAMPIONATO!$F$25,CAMPIONATO!$E$35,CAMPIONATO!$E$41,CAMPIONATO!$F$49,CAMPIONATO!$O$7) -> 0 | E18: =SUM(CAMPIONATO!$E$6,CAMPIONATO!$F$13,CAMPIONATO!$E$18,CAMPIONATO!$F$27,CAMPIONATO!$E$33,CAMPIONATO!$F$41,CAMPIONATO!$E$48,CAMPIONATO!$O$6) -> 0 | F18: =SUM(CAMPIONATO!$F$5,CAMPIONATO!$E$13,CAMPIONATO!$E$19,CAMPIONATO!$F$28,CAMPIONATO!$E$34,CAMPIONATO!$F$42,CAMPIONATO!$E$49,CAMPIONATO!$P$5) -> 0 | G18: =SUM(CAMPIONATO!$E$5,CAMPIONATO!$E$12,CAMPIONATO!$F$18,CAMPIONATO!$F$26,CAMPIONATO!$E$32,CAMPIONATO!$F$40,CAMPIONATO!$E$47,CAMPIONATO!$O$5) -> 0 | H18: =SUM(CAMPIONATO!$F$7,CAMPIONATO!$E$14,CAMPIONATO!$F$19,CAMPIONATO!$E$27,CAMPIONATO!$F$32,CAMPIONATO!$F$39,CAMPIONATO!$E$46,CAMPIONATO!$P$7) -> 0 | I18: =SUM(CAMPIONATO!$F$4,CAMPIONATO!$E$11,CAMPIONATO!$F$20,CAMPIONATO!$E$28,CAMPIONATO!$F$33,CAMPIONATO!$E$39,CAMPIONATO!$F$47,CAMPIONATO!$P$4) -> 0 | J18: =SUM(CAMPIONATO!$E$4,CAMPIONATO!$F$14,CAMPIONATO!$F$21,CAMPIONATO!$E$25,CAMPIONATO!$F$34,CAMPIONATO!$E$40,CAMPIONATO!$F$48,CAMPIONATO!$O$4) -> 0 | K18: =SUM(CAMPIONATO!$F$6,CAMPIONATO!$F$11,CAMPIONATO!$E$21,CAMPIONATO!$E$26,CAMPIONATO!$F$35,CAMPIONATO!$E$42,CAMPIONATO!$F$46,CAMPIONATO!$P$6) -> 0
C19: 9 | D19: =SUM(CAMPIONATO!$E$7,CAMPIONATO!$F$12,CAMPIONATO!$E$20,CAMPIONATO!$F$25,CAMPIONATO!$E$35,CAMPIONATO!$E$41,CAMPIONATO!$F$49,CAMPIONATO!$O$7,CAMPIONATO!$P$12) -> 0 | E19: =SUM(CAMPIONATO!$E$6,CAMPIONATO!$F$13,CAMPIONATO!$E$18,CAMPIONATO!$F$27,CAMPIONATO!$E$33,CAMPIONATO!$F$41,CAMPIONATO!$E$48,CAMPIONATO!$O$6,CAMPIONATO!$P$13) -> 0 | F19: =SUM(CAMPIONATO!$F$5,CAMPIONATO!$E$13,CAMPIONATO!$E$19,CAMPIONATO!$F$28,CAMPIONATO!$E$34,CAMPIONATO!$F$42,CAMPIONATO!$E$49,CAMPIONATO!$P$5,CAMPIONATO!$O$13) -> 0 | G19: =SUM(CAMPIONATO!$E$5,CAMPIONATO!$E$12,CAMPIONATO!$F$18,CAMPIONATO!$F$26,CAMPIONATO!$E$32,CAMPIONATO!$F$40,CAMPIONATO!$E$47,CAMPIONATO!$O$5,CAMPIONATO!$O$12) -> 0 | H19: =SUM(CAMPIONATO!$F$7,CAMPIONATO!$E$14,CAMPIONATO!$F$19,CAMPIONATO!$E$27,CAMPIONATO!$F$32,CAMPIONATO!$F$39,CAMPIONATO!$E$46,CAMPIONATO!$P$7,CAMPIONATO!$O$14) -> 0 | I19: =SUM(CAMPIONATO!$F$4,CAMPIONATO!$E$11,CAMPIONATO!$F$20,CAMPIONATO!$E$28,CAMPIONATO!$F$33,CAMPIONATO!$E$39,CAMPIONATO!$F$47,CAMPIONATO!$P$4,CAMPIONATO!$O$11) -> 0 | J19: =SUM(CAMPIONATO!$E$4,CAMPIONATO!$F$14,CAMPIONATO!$F$21,CAMPIONATO!$E$25,CAMPIONATO!$F$34,CAMPIONATO!$E$40,CAMPIONATO!$F$48,CAMPIONATO!$O$4,CAMPIONATO!$P$14) -> 0 | K19: =SUM(CAMPIONATO!$F$6,CAMPIONATO!$F$11,CAMPIONATO!$E$21,CAMPIONATO!$E$26,CAMPIONATO!$F$35,CAMPIONATO!$E$42,CAMPIONATO!$F$46,CAMPIONATO!$P$6,CAMPIONATO!$P$11) -> 0
C20: 10 | D20: =SUM(CAMPIONATO!$E$7,CAMPIONATO!$F$12,CAMPIONATO!$E$20,CAMPIONATO!$F$25,CAMPIONATO!$E$35,CAMPIONATO!$E$41,CAMPIONATO!$F$49,CAMPIONATO!$O$7,CAMPIONATO!$P$12,CAMPIONATO!$O$20) -> 0 | E20: =SUM(CAMPIONATO!$E$6,CAMPIONATO!$F$13,CAMPIONATO!$E$18,CAMPIONATO!$F$27,CAMPIONATO!$E$33,CAMPIONATO!$F$41,CAMPIONATO!$E$48,CAMPIONATO!$O$6,CAMPIONATO!$P$13,CAMPIONATO!$O$18) -> 0 | F20: =SUM(CAMPIONATO!$F$5,CAMPIONATO!$E$13,CAMPIONATO!$E$19,CAMPIONATO!$F$28,CAMPIONATO!$E$34,CAMPIONATO!$F$42,CAMPIONATO!$E$49,CAMPIONATO!$P$5,CAMPIONATO!$O$13,CAMPIONATO!$O$19) -> 0 | G20: =SUM(CAMPIONATO!$E$5,CAMPIONATO!$E$12,CAMPIONATO!$F$18,CAMPIONATO!$F$26,CAMPIONATO!$E$32,CAMPIONATO!$F$40,CAMPIONATO!$E$47,CAMPIONATO!$O$5,CAMPIONATO!$O$12,CAMPIONATO!$P$18) -> 0 | H20: =SUM(CAMPIONATO!$F$7,CAMPIONATO!$E$14,CAMPIONATO!$F$19,CAMPIONATO!$E$27,CAMPIONATO!$F$32,CAMPIONATO!$F$39,CAMPIONATO!$E$46,CAMPIONATO!$P$7,CAMPIONATO!$O$14,CAMPIONATO!$P$19) -> 0 | I20: =SUM(CAMPIONATO!$F$4,CAMPIONATO!$E$11,CAMPIONATO!$F$20,CAMPIONATO!$E$28,CAMPIONATO!$F$33,CAMPIONATO!$E$39,CAMPIONATO!$F$47,CAMPIONATO!$P$4,CAMPIONATO!$O$11,CAMPIONATO!$P$20) -> 0 | J20: =SUM(CAMPIONATO!$E$4,CAMPIONATO!$F$14,CAMPIONATO!$F$21,CAMPIONATO!$E$25,CAMPIONATO!$F$34,CAMPIONATO!$E$40,CAMPIONATO!$F$48,CAMPIONATO!$O$4,CAMPIONATO!$P$14,CAMPIONATO!$P$21) -> 0 | K20: =SUM(CAMPIONATO!$F$6,CAMPIONATO!$F$11,CAMPIONATO!$E$21,CAMPIONATO!$E$26,CAMPIONATO!$F$35,CAMPIONATO!$E$42,CAMPIONATO!$F$46,CAMPIONATO!$P$6,CAMPIONATO!$P$11,CAMPIONATO!$O$21) -> 0
C21: 11 | D21: =SUM(CAMPIONATO!$E$7,CAMPIONATO!$F$12,CAMPIONATO!$E$20,CAMPIONATO!$F$25,CAMPIONATO!$E$35,CAMPIONATO!$E$41,CAMPIONATO!$F$49,CAMPIONATO!$O$7,CAMPIONATO!$P$12,CAMPIONATO!$O$20,CAMPIONATO!$P$25) -> 0 | E21: =SUM(CAMPIONATO!$E$6,CAMPIONATO!$F$13,CAMPIONATO!$E$18,CAMPIONATO!$F$27,CAMPIONATO!$E$33,CAMPIONATO!$F$41,CAMPIONATO!$E$48,CAMPIONATO!$O$6,CAMPIONATO!$P$13,CAMPIONATO!$O$18,CAMPIONATO!$P$27) -> 0 | F21: =SUM(CAMPIONATO!$F$5,CAMPIONATO!$E$13,CAMPIONATO!$E$19,CAMPIONATO!$F$28,CAMPIONATO!$E$34,CAMPIONATO!$F$42,CAMPIONATO!$E$49,CAMPIONATO!$P$5,CAMPIONATO!$O$13,CAMPIONATO!$O$19,CAMPIONATO!$P$28) -> 0 | G21: =SUM(CAMPIONATO!$E$5,CAMPIONATO!$E$12,CAMPIONATO!$F$18,CAMPIONATO!$F$26,CAMPIONATO!$E$32,CAMPIONATO!$F$40,CAMPIONATO!$E$47,CAMPIONATO!$O$5,CAMPIONATO!$O$12,CAMPIONATO!$P$18,CAMPIONATO!$P$26) -> 0 | H21: =SUM(CAMPIONATO!$F$7,CAMPIONATO!$E$14,CAMPIONATO!$F$19,CAMPIONATO!$E$27,CAMPIONATO!$F$32,CAMPIONATO!$F$39,CAMPIONATO!$E$46,CAMPIONATO!$P$7,CAMPIONATO!$O$14,CAMPIONATO!$P$19,CAMPIONATO!$O$27) -> 0 | I21: =SUM(CAMPIONATO!$F$4,CAMPIONATO!$E$11,CAMPIONATO!$F$20,CAMPIONATO!$E$28,CAMPIONATO!$F$33,CAMPIONATO!$E$39,CAMPIONATO!$F$47,CAMPIONATO!$P$4,CAMPIONATO!$O$11,CAMPIONATO!$P$20,CAMPIONATO!$O$28) -> 0 | J21: =SUM(CAMPIONATO!$E$4,CAMPIONATO!$F$14,CAMPIONATO!$F$21,CAMPIONATO!$E$25,CAMPIONATO!$F$34,CAMPIONATO!$E$40,CAMPIONATO!$F$48,CAMPIONATO!$O$4,CAMPIONATO!$P$14,CAMPIONATO!$P$21,CAMPIONATO!$O$25) -> 0 | K21: =SUM(CAMPIONATO!$F$6,CAMPIONATO!$F$11,CAMPIONATO!$E$21,CAMPIONATO!$E$26,CAMPIONATO!$F$35,CAMPIONATO!$E$42,CAMPIONATO!$F$46,CAMPIONATO!$P$6,CAMPIONATO!$P$11,CAMPIONATO!$O$21,CAMPIONATO!$O$26) -> 0
C22: 12 | D22: =SUM(CAMPIONATO!$E$7,CAMPIONATO!$F$12,CAMPIONATO!$E$20,CAMPIONATO!$F$25,CAMPIONATO!$E$35,CAMPIONATO!$E$41,CAMPIONATO!$F$49,CAMPIONATO!$O$7,CAMPIONATO!$P$12,CAMPIONATO!$O$20,CAMPIONATO!$P$25,CAMPIONATO!$O$35) -> 0 | E22: =SUM(CAMPIONATO!$E$6,CAMPIONATO!$F$13,CAMPIONATO!$E$18,CAMPIONATO!$F$27,CAMPIONATO!$E$33,CAMPIONATO!$F$41,CAMPIONATO!$E$48,CAMPIONATO!$O$6,CAMPIONATO!$P$13,CAMPIONATO!$O$18,CAMPIONATO!$P$27,CAMPIONATO!$O$33) -> 0 | F22: =SUM(CAMPIONATO!$F$5,CAMPIONATO!$E$13,CAMPIONATO!$E$19,CAMPIONATO!$F$28,CAMPIONATO!$E$34,CAMPIONATO!$F$42,CAMPIONATO!$E$49,CAMPIONATO!$P$5,CAMPIONATO!$O$13,CAMPIONATO!$O$19,CAMPIONATO!$P$28,CAMPIONATO!$O$34) -> 0 | G22: =SUM(CAMPIONATO!$E$5,CAMPIONATO!$E$12,CAMPIONATO!$F$18,CAMPIONATO!$F$26,CAMPIONATO!$E$32,CAMPIONATO!$F$40,CAMPIONATO!$E$47,CAMPIONATO!$O$5,CAMPIONATO!$O$12,CAMPIONATO!$P$18,CAMPIONATO!$P$26,CAMPIONATO!$O$32) -> 0 | H22: =SUM(CAMPIONATO!$F$7,CAMPIONATO!$E$14,CAMPIONATO!$F$19,CAMPIONATO!$E$27,CAMPIONATO!$F$32,CAMPIONATO!$F$39,CAMPIONATO!$E$46,CAMPIONATO!$P$7,CAMPIONATO!$O$14,CAMPIONATO!$P$19,CAMPIONATO!$O$27,CAMPIONATO!$P$32) -> 0 | I22: =SUM(CAMPIONATO!$F$4,CAMPIONATO!$E$11,CAMPIONATO!$F$20,CAMPIONATO!$E$28,CAMPIONATO!$F$33,CAMPIONATO!$E$39,CAMPIONATO!$F$47,CAMPIONATO!$P$4,CAMPIONATO!$O$11,CAMPIONATO!$P$20,CAMPIONATO!$O$28,CAMPIONATO!$P$33) -> 0 | J22: =SUM(CAMPIONATO!$E$4,CAMPIONATO!$F$14,CAMPIONATO!$F$21,CAMPIONATO!$E$25,CAMPIONATO!$F$34,CAMPIONATO!$E$40,CAMPIONATO!$F$48,CAMPIONATO!$O$4,CAMPIONATO!$P$14,CAMPIONATO!$P$21,CAMPIONATO!$O$25,CAMPIONATO!$P$34) -> 0 | K22: =SUM(CAMPIONATO!$F$6,CAMPIONATO!$F$11,CAMPIONATO!$E$21,CAMPIONATO!$E$26,CAMPIONATO!$F$35,CAMPIONATO!$E$42,CAMPIONATO!$F$46,CAMPIONATO!$P$6,CAMPIONATO!$P$11,CAMPIONATO!$O$21,CAMPIONATO!$O$26,CAMPIONATO!$P$35) -> 0
C23: 13 | D23: =SUM(CAMPIONATO!$E$7,CAMPIONATO!$F$12,CAMPIONATO!$E$20,CAMPIONATO!$F$25,CAMPIONATO!$E$35,CAMPIONATO!$E$41,CAMPIONATO!$F$49,CAMPIONATO!$O$7,CAMPIONATO!$P$12,CAMPIONATO!$O$20,CAMPIONATO!$P$25,CAMPIONATO!$O$35,CAMPIONATO!$O$41) -> 0 | E23: =SUM(CAMPIONATO!$E$6,CAMPIONATO!$F$13,CAMPIONATO!$E$18,CAMPIONATO!$F$27,CAMPIONATO!$E$33,CAMPIONATO!$F$41,CAMPIONATO!$E$48,CAMPIONATO!$O$6,CAMPIONATO!$P$13,CAMPIONATO!$O$18,CAMPIONATO!$P$27,CAMPIONATO!$O$33,CAMPIONATO!$P$41) -> 0 | F23: =SUM(CAMPIONATO!$F$5,CAMPIONATO!$E$13,CAMPIONATO!$E$19,CAMPIONATO!$F$28,CAMPIONATO!$E$34,CAMPIONATO!$F$42,CAMPIONATO!$E$49,CAMPIONATO!$P$5,CAMPIONATO!$O$13,CAMPIONATO!$O$19,CAMPIONATO!$P$28,CAMPIONATO!$O$34,CAMPIONATO!$P$42) -> 0 | G23: =SUM(CAMPIONATO!$E$5,CAMPIONATO!$E$12,CAMPIONATO!$F$18,CAMPIONATO!$F$26,CAMPIONATO!$E$32,CAMPIONATO!$F$40,CAMPIONATO!$E$47,CAMPIONATO!$O$5,CAMPIONATO!$O$12,CAMPIONATO!$P$18,CAMPIONATO!$P$26,CAMPIONATO!$O$32,CAMPIONATO!$P$40) -> 0 | H23: =SUM(CAMPIONATO!$F$7,CAMPIONATO!$E$14,CAMPIONATO!$F$19,CAMPIONATO!$E$27,CAMPIONATO!$F$32,CAMPIONATO!$F$39,CAMPIONATO!$E$46,CAMPIONATO!$P$7,CAMPIONATO!$O$14,CAMPIONATO!$P$19,CAMPIONATO!$O$27,CAMPIONATO!$P$32,CAMPIONATO!$P$39) -> 0 | I23: =SUM(CAMPIONATO!$F$4,CAMPIONATO!$E$11,CAMPIONATO!$F$20,CAMPIONATO!$E$28,CAMPIONATO!$F$33,CAMPIONATO!$E$39,CAMPIONATO!$F$47,CAMPIONATO!$P$4,CAMPIONATO!$O$11,CAMPIONATO!$P$20,CAMPIONATO!$O$28,CAMPIONATO!$P$33,CAMPIONATO!$O$39) -> 0 | J23: =SUM(CAMPIONATO!$E$4,CAMPIONATO!$F$14,CAMPIONATO!$F$21,CAMPIONATO!$E$25,CAMPIONATO!$F$34,CAMPIONATO!$E$40,CAMPIONATO!$F$48,CAMPIONATO!$O$4,CAMPIONATO!$P$14,CAMPIONATO!$P$21,CAMPIONATO!$O$25,CAMPIONATO!$P$34,CAMPIONATO!$O$40) -> 0 | K23: =SUM(CAMPIONATO!$F$6,CAMPIONATO!$F$11,CAMPIONATO!$E$21,CAMPIONATO!$E$26,CAMPIONATO!$F$35,CAMPIONATO!$E$42,CAMPIONATO!$F$46,CAMPIONATO!$P$6,CAMPIONATO!$P$11,CAMPIONATO!$O$21,CAMPIONATO!$O$26,CAMPIONATO!$P$35,CAMPIONATO!$O$42) -> 0
C24: 14 | D24: =SUM(CAMPIONATO!$E$7,CAMPIONATO!$F$12,CAMPIONATO!$E$20,CAMPIONATO!$F$25,CAMPIONATO!$E$35,CAMPIONATO!$E$41,CAMPIONATO!$F$49,CAMPIONATO!$O$7,CAMPIONATO!$P$12,CAMPIONATO!$O$20,CAMPIONATO!$P$25,CAMPIONATO!$O$35,CAMPIONATO!$O$41,CAMPIONATO!$P$49) -> 0 | E24: =SUM(CAMPIONATO!$E$6,CAMPIONATO!$F$13,CAMPIONATO!$E$18,CAMPIONATO!$F$27,CAMPIONATO!$E$33,CAMPIONATO!$F$41,CAMPIONATO!$E$48,CAMPIONATO!$O$6,CAMPIONATO!$P$13,CAMPIONATO!$O$18,CAMPIONATO!$P$27,CAMPIONATO!$O$33,CAMPIONATO!$P$41,CAMPIONATO!$O$48) -> 0 | F24: =SUM(CAMPIONATO!$F$5,CAMPIONATO!$E$13,CAMPIONATO!$E$19,CAMPIONATO!$F$28,CAMPIONATO!$E$34,CAMPIONATO!$F$42,CAMPIONATO!$E$49,CAMPIONATO!$P$5,CAMPIONATO!$O$13,CAMPIONATO!$O$19,CAMPIONATO!$P$28,CAMPIONATO!$O$34,CAMPIONATO!$P$42,CAMPIONATO!$O$49) -> 0 | G24: =SUM(CAMPIONATO!$E$5,CAMPIONATO!$E$12,CAMPIONATO!$F$18,CAMPIONATO!$F$26,CAMPIONATO!$E$32,CAMPIONATO!$F$40,CAMPIONATO!$E$47,CAMPIONATO!$O$5,CAMPIONATO!$O$12,CAMPIONATO!$P$18,CAMPIONATO!$P$26,CAMPIONATO!$O$32,CAMPIONATO!$P$40,CAMPIONATO!$O$47) -> 0 | H24: =SUM(CAMPIONATO!$F$7,CAMPIONATO!$E$14,CAMPIONATO!$F$19,CAMPIONATO!$E$27,CAMPIONATO!$F$32,CAMPIONATO!$F$39,CAMPIONATO!$E$46,CAMPIONATO!$P$7,CAMPIONATO!$O$14,CAMPIONATO!$P$19,CAMPIONATO!$O$27,CAMPIONATO!$P$32,CAMPIONATO!$P$39,CAMPIONATO!$O$46) -> 0 | I24: =SUM(CAMPIONATO!$F$4,CAMPIONATO!$E$11,CAMPIONATO!$F$20,CAMPIONATO!$E$28,CAMPIONATO!$F$33,CAMPIONATO!$E$39,CAMPIONATO!$F$47,CAMPIONATO!$P$4,CAMPIONATO!$O$11,CAMPIONATO!$P$20,CAMPIONATO!$O$28,CAMPIONATO!$P$33,CAMPIONATO!$O$39,CAMPIONATO!$P$47) -> 0 | J24: =SUM(CAMPIONATO!$E$4,CAMPIONATO!$F$14,CAMPIONATO!$F$21,CAMPIONATO!$E$25,CAMPIONATO!$F$34,CAMPIONATO!$E$40,CAMPIONATO!$F$48,CAMPIONATO!$O$4,CAMPIONATO!$P$14,CAMPIONATO!$P$21,CAMPIONATO!$O$25,CAMPIONATO!$P$34,CAMPIONATO!$O$40,CAMPIONATO!$P$48) -> 0 | K24: =SUM(CAMPIONATO!$F$6,CAMPIONATO!$F$11,CAMPIONATO!$E$21,CAMPIONATO!$E$26,CAMPIONATO!$F$35,CAMPIONATO!$E$42,CAMPIONATO!$F$46,CAMPIONATO!$P$6,CAMPIONATO!$P$11,CAMPIONATO!$O$21,CAMPIONATO!$O$26,CAMPIONATO!$P$35,CAMPIONATO!$O$42,CAMPIONATO!$P$46) -> 0
C25: 15 | D25: =SUM(CAMPIONATO!$E$7,CAMPIONATO!$F$12,CAMPIONATO!$E$20,CAMPIONATO!$F$25,CAMPIONATO!$E$35,CAMPIONATO!$E$41,CAMPIONATO!$F$49,CAMPIONATO!$O$7,CAMPIONATO!$P$12,CAMPIONATO!$O$20,CAMPIONATO!$P$25,CAMPIONATO!$O$35,CAMPIONATO!$O$41,CAMPIONATO!$P$49,CAMPIONATO!$AC$7) -> 0 | E25: =SUM(CAMPIONATO!$E$6,CAMPIONATO!$F$13,CAMPIONATO!$E$18,CAMPIONATO!$F$27,CAMPIONATO!$E$33,CAMPIONATO!$F$41,CAMPIONATO!$E$48,CAMPIONATO!$O$6,CAMPIONATO!$P$13,CAMPIONATO!$O$18,CAMPIONATO!$P$27,CAMPIONATO!$O$33,CAMPIONATO!$P$41,CAMPIONATO!$O$48,CAMPIONATO!$AC$6) -> 0 | F25: =SUM(CAMPIONATO!$F$5,CAMPIONATO!$E$13,CAMPIONATO!$E$19,CAMPIONATO!$F$28,CAMPIONATO!$E$34,CAMPIONATO!$F$42,CAMPIONATO!$E$49,CAMPIONATO!$P$5,CAMPIONATO!$O$13,CAMPIONATO!$O$19,CAMPIONATO!$P$28,CAMPIONATO!$O$34,CAMPIONATO!$P$42,CAMPIONATO!$O$49,CAMPIONATO!$AD$5) -> 0 | G25: =SUM(CAMPIONATO!$E$5,CAMPIONATO!$E$12,CAMPIONATO!$F$18,CAMPIONATO!$F$26,CAMPIONATO!$E$32,CAMPIONATO!$F$40,CAMPIONATO!$E$47,CAMPIONATO!$O$5,CAMPIONATO!$O$12,CAMPIONATO!$P$18,CAMPIONATO!$P$26,CAMPIONATO!$O$32,CAMPIONATO!$P$40,CAMPIONATO!$O$47,CAMPIONATO!$AC$5) -> 0 | H25: =SUM(CAMPIONATO!$F$7,CAMPIONATO!$E$14,CAMPIONATO!$F$19,CAMPIONATO!$E$27,CAMPIONATO!$F$32,CAMPIONATO!$F$39,CAMPIONATO!$E$46,CAMPIONATO!$P$7,CAMPIONATO!$O$14,CAMPIONATO!$P$19,CAMPIONATO!$O$27,CAMPIONATO!$P$32,CAMPIONATO!$P$39,CAMPIONATO!$O$46,CAMPIONATO!$AD$7) -> 0 | I25: =SUM(CAMPIONATO!$F$4,CAMPIONATO!$E$11,CAMPIONATO!$F$20,CAMPIONATO!$E$28,CAMPIONATO!$F$33,CAMPIONATO!$E$39,CAMPIONATO!$F$47,CAMPIONATO!$P$4,CAMPIONATO!$O$11,CAMPIONATO!$P$20,CAMPIONATO!$O$28,CAMPIONATO!$P$33,CAMPIONATO!$O$39,CAMPIONATO!$P$47,CAMPIONATO!$AD$4) -> 0 | J25: =SUM(CAMPIONATO!$E$4,CAMPIONATO!$F$14,CAMPIONATO!$F$21,CAMPIONATO!$E$25,CAMPIONATO!$F$34,CAMPIONATO!$E$40,CAMPIONATO!$F$48,CAMPIONATO!$O$4,CAMPIONATO!$P$14,CAMPIONATO!$P$21,CAMPIONATO!$O$25,CAMPIONATO!$P$34,CAMPIONATO!$O$40,CAMPIONATO!$P$48,CAMPIONATO!$AC$4) -> 0 | K25: =SUM(CAMPIONATO!$F$6,CAMPIONATO!$F$11,CAMPIONATO!$E$21,CAMPIONATO!$E$26,CAMPIONATO!$F$35,CAMPIONATO!$E$42,CAMPIONATO!$F$46,CAMPIONATO!$P$6,CAMPIONATO!$P$11,CAMPIONATO!$O$21,CAMPIONATO!$O$26,CAMPIONATO!$P$35,CAMPIONATO!$O$42,CAMPIONATO!$P$46,CAMPIONATO!$AD$6) -> 0
C26: 16 | D26: =SUM(CAMPIONATO!$E$7,CAMPIONATO!$F$12,CAMPIONATO!$E$20,CAMPIONATO!$F$25,CAMPIONATO!$E$35,CAMPIONATO!$E$41,CAMPIONATO!$F$49,CAMPIONATO!$O$7,CAMPIONATO!$P$12,CAMPIONATO!$O$20,CAMPIONATO!$P$25,CAMPIONATO!$O$35,CAMPIONATO!$O$41,CAMPIONATO!$P$49,CAMPIONATO!$AC$7,CAMPIONATO!$AD$12) -> 0 | E26: =SUM(CAMPIONATO!$E$6,CAMPIONATO!$F$13,CAMPIONATO!$E$18,CAMPIONATO!$F$27,CAMPIONATO!$E$33,CAMPIONATO!$F$41,CAMPIONATO!$E$48,CAMPIONATO!$O$6,CAMPIONATO!$P$13,CAMPIONATO!$O$18,CAMPIONATO!$P$27,CAMPIONATO!$O$33,CAMPIONATO!$P$41,CAMPIONATO!$O$48,CAMPIONATO!$AC$6,CAMPIONATO!$AD$13) -> 0 | F26: =SUM(CAMPIONATO!$F$5,CAMPIONATO!$E$13,CAMPIONATO!$E$19,CAMPIONATO!$F$28,CAMPIONATO!$E$34,CAMPIONATO!$F$42,CAMPIONATO!$E$49,CAMPIONATO!$P$5,CAMPIONATO!$O$13,CAMPIONATO!$O$19,CAMPIONATO!$P$28,CAMPIONATO!$O$34,CAMPIONATO!$P$42,CAMPIONATO!$O$49,CAMPIONATO!$AD$5,CAMPIONATO!$AC$13) -> 0 | G26: =SUM(CAMPIONATO!$E$5,CAMPIONATO!$E$12,CAMPIONATO!$F$18,CAMPIONATO!$F$26,CAMPIONATO!$E$32,CAMPIONATO!$F$40,CAMPIONATO!$E$47,CAMPIONATO!$O$5,CAMPIONATO!$O$12,CAMPIONATO!$P$18,CAMPIONATO!$P$26,CAMPIONATO!$O$32,CAMPIONATO!$P$40,CAMPIONATO!$O$47,CAMPIONATO!$AC$5,CAMPIONATO!$AC$12) -> 0 | H26: =SUM(CAMPIONATO!$F$7,CAMPIONATO!$E$14,CAMPIONATO!$F$19,CAMPIONATO!$E$27,CAMPIONATO!$F$32,CAMPIONATO!$F$39,CAMPIONATO!$E$46,CAMPIONATO!$P$7,CAMPIONATO!$O$14,CAMPIONATO!$P$19,CAMPIONATO!$O$27,CAMPIONATO!$P$32,CAMPIONATO!$P$39,CAMPIONATO!$O$46,CAMPIONATO!$AD$7,CAMPIONATO!$AC$14) -> 0 | I26: =SUM(CAMPIONATO!$F$4,CAMPIONATO!$E$11,CAMPIONATO!$F$20,CAMPIONATO!$E$28,CAMPIONATO!$F$33,CAMPIONATO!$E$39,CAMPIONATO!$F$47,CAMPIONATO!$P$4,CAMPIONATO!$O$11,CAMPIONATO!$P$20,CAMPIONATO!$O$28,CAMPIONATO!$P$33,CAMPIONATO!$O$39,CAMPIONATO!$P$47,CAMPIONATO!$AD$4,CAMPIONATO!$AC$11) -> 0 | J26: =SUM(CAMPIONATO!$E$4,CAMPIONATO!$F$14,CAMPIONATO!$F$21,CAMPIONATO!$E$25,CAMPIONATO!$F$34,CAMPIONATO!$E$40,CAMPIONATO!$F$48,CAMPIONATO!$O$4,CAMPIONATO!$P$14,CAMPIONATO!$P$21,CAMPIONATO!$O$25,CAMPIONATO!$P$34,CAMPIONATO!$O$40,CAMPIONATO!$P$48,CAMPIONATO!$AC$4,CAMPIONATO!$AD$14) -> 0 | K26: =SUM(CAMPIONATO!$F$6,CAMPIONATO!$F$11,CAMPIONATO!$E$21,CAMPIONATO!$E$26,CAMPIONATO!$F$35,CAMPIONATO!$E$42,CAMPIONATO!$F$46,CAMPIONATO!$P$6,CAMPIONATO!$P$11,CAMPIONATO!$O$21,CAMPIONATO!$O$26,CAMPIONATO!$P$35,CAMPIONATO!$O$42,CAMPIONATO!$P$46,CAMPIONATO!$AD$6,CAMPIONATO!$AD$11) -> 0
C27: 17 | D27: =SUM(CAMPIONATO!$E$7,CAMPIONATO!$F$12,CAMPIONATO!$E$20,CAMPIONATO!$F$25,CAMPIONATO!$E$35,CAMPIONATO!$E$41,CAMPIONATO!$F$49,CAMPIONATO!$O$7,CAMPIONATO!$P$12,CAMPIONATO!$O$20,CAMPIONATO!$P$25,CAMPIONATO!$O$35,CAMPIONATO!$O$41,CAMPIONATO!$P$49,CAMPIONATO!$AC$7,CAMPIONATO!$AD$12,CAMPIONATO!$AC$20) -> 0 | E27: =SUM(CAMPIONATO!$E$6,CAMPIONATO!$F$13,CAMPIONATO!$E$18,CAMPIONATO!$F$27,CAMPIONATO!$E$33,CAMPIONATO!$F$41,CAMPIONATO!$E$48,CAMPIONATO!$O$6,CAMPIONATO!$P$13,CAMPIONATO!$O$18,CAMPIONATO!$P$27,CAMPIONATO!$O$33,CAMPIONATO!$P$41,CAMPIONATO!$O$48,CAMPIONATO!$AC$6,CAMPIONATO!$AD$13,CAMPIONATO!$AC$18) -> 0 | F27: =SUM(CAMPIONATO!$F$5,CAMPIONATO!$E$13,CAMPIONATO!$E$19,CAMPIONATO!$F$28,CAMPIONATO!$E$34,CAMPIONATO!$F$42,CAMPIONATO!$E$49,CAMPIONATO!$P$5,CAMPIONATO!$O$13,CAMPIONATO!$O$19,CAMPIONATO!$P$28,CAMPIONATO!$O$34,CAMPIONATO!$P$42,CAMPIONATO!$O$49,CAMPIONATO!$AD$5,CAMPIONATO!$AC$13,CAMPIONATO!$AC$19) -> 0 | G27: =SUM(CAMPIONATO!$E$5,CAMPIONATO!$E$12,CAMPIONATO!$F$18,CAMPIONATO!$F$26,CAMPIONATO!$E$32,CAMPIONATO!$F$40,CAMPIONATO!$E$47,CAMPIONATO!$O$5,CAMPIONATO!$O$12,CAMPIONATO!$P$18,CAMPIONATO!$P$26,CAMPIONATO!$O$32,CAMPIONATO!$P$40,CAMPIONATO!$O$47,CAMPIONATO!$AC$5,CAMPIONATO!$AC$12,CAMPIONATO!$AD$18) -> 0 | H27: =SUM(CAMPIONATO!$F$7,CAMPIONATO!$E$14,CAMPIONATO!$F$19,CAMPIONATO!$E$27,CAMPIONATO!$F$32,CAMPIONATO!$F$39,CAMPIONATO!$E$46,CAMPIONATO!$P$7,CAMPIONATO!$O$14,CAMPIONATO!$P$19,CAMPIONATO!$O$27,CAMPIONATO!$P$32,CAMPIONATO!$P$39,CAMPIONATO!$O$46,CAMPIONATO!$AD$7,CAMPIONATO!$AC$14,CAMPIONATO!$AD$19) -> 0 | I27: =SUM(CAMPIONATO!$F$4,CAMPIONATO!$E$11,CAMPIONATO!$F$20,CAMPIONATO!$E$28,CAMPIONATO!$F$33,CAMPIONATO!$E$39,CAMPIONATO!$F$47,CAMPIONATO!$P$4,CAMPIONATO!$O$11,CAMPIONATO!$P$20,CAMPIONATO!$O$28,CAMPIONATO!$P$33,CAMPIONATO!$O$39,CAMPIONATO!$P$47,CAMPIONATO!$AD$4,CAMPIONATO!$AC$11,CAMPIONATO!$AD$20) -> 0 | J27: =SUM(CAMPIONATO!$E$4,CAMPIONATO!$F$14,CAMPIONATO!$F$21,CAMPIONATO!$E$25,CAMPIONATO!$F$34,CAMPIONATO!$E$40,CAMPIONATO!$F$48,CAMPIONATO!$O$4,CAMPIONATO!$P$14,CAMPIONATO!$P$21,CAMPIONATO!$O$25,CAMPIONATO!$P$34,CAMPIONATO!$O$40,CAMPIONATO!$P$48,CAMPIONATO!$AC$4,CAMPIONATO!$AD$14,CAMPIONATO!$AD$21) -> 0 | K27: =SUM(CAMPIONATO!$F$6,CAMPIONATO!$F$11,CAMPIONATO!$E$21,CAMPIONATO!$E$26,CAMPIONATO!$F$35,CAMPIONATO!$E$42,CAMPIONATO!$F$46,CAMPIONATO!$P$6,CAMPIONATO!$P$11,CAMPIONATO!$O$21,CAMPIONATO!$O$26,CAMPIONATO!$P$35,CAMPIONATO!$O$42,CAMPIONATO!$P$46,CAMPIONATO!$AD$6,CAMPIONATO!$AD$11,CAMPIONATO!$AC$21) -> 0
C28: 18 | D28: =SUM(CAMPIONATO!$E$7,CAMPIONATO!$F$12,CAMPIONATO!$E$20,CAMPIONATO!$F$25,CAMPIONATO!$E$35,CAMPIONATO!$E$41,CAMPIONATO!$F$49,CAMPIONATO!$O$7,CAMPIONATO!$P$12,CAMPIONATO!$O$20,CAMPIONATO!$P$25,CAMPIONATO!$O$35,CAMPIONATO!$O$41,CAMPIONATO!$P$49,CAMPIONATO!$AC$7,CAMPIONATO!$AD$12,CAMPIONATO!$AC$20,CAMPIONATO!$AD$25) -> 0 | E28: =SUM(CAMPIONATO!$E$6,CAMPIONATO!$F$13,CAMPIONATO!$E$18,CAMPIONATO!$F$27,CAMPIONATO!$E$33,CAMPIONATO!$F$41,CAMPIONATO!$E$48,CAMPIONATO!$O$6,CAMPIONATO!$P$13,CAMPIONATO!$O$18,CAMPIONATO!$P$27,CAMPIONATO!$O$33,CAMPIONATO!$P$41,CAMPIONATO!$O$48,CAMPIONATO!$AC$6,CAMPIONATO!$AD$13,CAMPIONATO!$AC$18,CAMPIONATO!$AD$27) -> 0 | F28: =SUM(CAMPIONATO!$F$5,CAMPIONATO!$E$13,CAMPIONATO!$E$19,CAMPIONATO!$F$28,CAMPIONATO!$E$34,CAMPIONATO!$F$42,CAMPIONATO!$E$49,CAMPIONATO!$P$5,CAMPIONATO!$O$13,CAMPIONATO!$O$19,CAMPIONATO!$P$28,CAMPIONATO!$O$34,CAMPIONATO!$P$42,CAMPIONATO!$O$49,CAMPIONATO!$AD$5,CAMPIONATO!$AC$13,CAMPIONATO!$AC$19,CAMPIONATO!$AD$28) -> 0 | G28: =SUM(CAMPIONATO!$E$5,CAMPIONATO!$E$12,CAMPIONATO!$F$18,CAMPIONATO!$F$26,CAMPIONATO!$E$32,CAMPIONATO!$F$40,CAMPIONATO!$E$47,CAMPIONATO!$O$5,CAMPIONATO!$O$12,CAMPIONATO!$P$18,CAMPIONATO!$P$26,CAMPIONATO!$O$32,CAMPIONATO!$P$40,CAMPIONATO!$O$47,CAMPIONATO!$AC$5,CAMPIONATO!$AC$12,CAMPIONATO!$AD$18,CAMPIONATO!$AD$26) -> 0 | H28: =SUM(CAMPIONATO!$F$7,CAMPIONATO!$E$14,CAMPIONATO!$F$19,CAMPIONATO!$E$27,CAMPIONATO!$F$32,CAMPIONATO!$F$39,CAMPIONATO!$E$46,CAMPIONATO!$P$7,CAMPIONATO!$O$14,CAMPIONATO!$P$19,CAMPIONATO!$O$27,CAMPIONATO!$P$32,CAMPIONATO!$P$39,CAMPIONATO!$O$46,CAMPIONATO!$AD$7,CAMPIONATO!$AC$14,CAMPIONATO!$AD$19,CAMPIONATO!$AC$27) -> 0 | I28: =SUM(CAMPIONATO!$F$4,CAMPIONATO!$E$11,CAMPIONATO!$F$20,CAMPIONATO!$E$28,CAMPIONATO!$F$33,CAMPIONATO!$E$39,CAMPIONATO!$F$47,CAMPIONATO!$P$4,CAMPIONATO!$O$11,CAMPIONATO!$P$20,CAMPIONATO!$O$28,CAMPIONATO!$P$33,CAMPIONATO!$O$39,CAMPIONATO!$P$47,CAMPIONATO!$AD$4,CAMPIONATO!$AC$11,CAMPIONATO!$AD$20,CAMPIONATO!$AC$28) -> 0 | J28: =SUM(CAMPIONATO!$E$4,CAMPIONATO!$F$14,CAMPIONATO!$F$21,CAMPIONATO!$E$25,CAMPIONATO!$F$34,CAMPIONATO!$E$40,CAMPIONATO!$F$48,CAMPIONATO!$O$4,CAMPIONATO!$P$14,CAMPIONATO!$P$21,CAMPIONATO!$O$25,CAMPIONATO!$P$34,CAMPIONATO!$O$40,CAMPIONATO!$P$48,CAMPIONATO!$AC$4,CAMPIONATO!$AD$14,CAMPIONATO!$AD$21,CAMPIONATO!$AC$25) -> 0 | K28: =SUM(CAMPIONATO!$F$6,CAMPIONATO!$F$11,CAMPIONATO!$E$21,CAMPIONATO!$E$26,CAMPIONATO!$F$35,CAMPIONATO!$E$42,CAMPIONATO!$F$46,CAMPIONATO!$P$6,CAMPIONATO!$P$11,CAMPIONATO!$O$21,CAMPIONATO!$O$26,CAMPIONATO!$P$35,CAMPIONATO!$O$42,CAMPIONATO!$P$46,CAMPIONATO!$AD$6,CAMPIONATO!$AD$11,CAMPIONATO!$AC$21,CAMPIONATO!$AC$26) -> 0
C29: 19 | D29: =SUM(CAMPIONATO!$E$7,CAMPIONATO!$F$12,CAMPIONATO!$E$20,CAMPIONATO!$F$25,CAMPIONATO!$E$35,CAMPIONATO!$E$41,CAMPIONATO!$F$49,CAMPIONATO!$O$7,CAMPIONATO!$P$12,CAMPIONATO!$O$20,CAMPIONATO!$P$25,CAMPIONATO!$O$35,CAMPIONATO!$O$41,CAMPIONATO!$P$49,CAMPIONATO!$AC$7,CAMPIONATO!$AD$12,CAMPIONATO!$AC$20,CAMPIONATO!$AD$25,CAMPIONATO!$AC$35) -> 0 | E29: =SUM(CAMPIONATO!$E$6,CAMPIONATO!$F$13,CAMPIONATO!$E$18,CAMPIONATO!$F$27,CAMPIONATO!$E$33,CAMPIONATO!$F$41,CAMPIONATO!$E$48,CAMPIONATO!$O$6,CAMPIONATO!$P$13,CAMPIONATO!$O$18,CAMPIONATO!$P$27,CAMPIONATO!$O$33,CAMPIONATO!$P$41,CAMPIONATO!$O$48,CAMPIONATO!$AC$6,CAMPIONATO!$AD$13,CAMPIONATO!$AC$18,CAMPIONATO!$AD$27,CAMPIONATO!$AC$33) -> 0 | F29: =SUM(CAMPIONATO!$F$5,CAMPIONATO!$E$13,CAMPIONATO!$E$19,CAMPIONATO!$F$28,CAMPIONATO!$E$34,CAMPIONATO!$F$42,CAMPIONATO!$E$49,CAMPIONATO!$P$5,CAMPIONATO!$O$13,CAMPIONATO!$O$19,CAMPIONATO!$P$28,CAMPIONATO!$O$34,CAMPIONATO!$P$42,CAMPIONATO!$O$49,CAMPIONATO!$AD$5,CAMPIONATO!$AC$13,CAMPIONATO!$AC$19,CAMPIONATO!$AD$28,CAMPIONATO!$AC$34) -> 0 | G29: =SUM(CAMPIONATO!$E$5,CAMPIONATO!$E$12,CAMPIONATO!$F$18,CAMPIONATO!$F$26,CAMPIONATO!$E$32,CAMPIONATO!$F$40,CAMPIONATO!$E$47,CAMPIONATO!$O$5,CAMPIONATO!$O$12,CAMPIONATO!$P$18,CAMPIONATO!$P$26,CAMPIONATO!$O$32,CAMPIONATO!$P$40,CAMPIONATO!$O$47,CAMPIONATO!$AC$5,CAMPIONATO!$AC$12,CAMPIONATO!$AD$18,CAMPIONATO!$AD$26,CAMPIONATO!$AC$32) -> 0 | H29: =SUM(CAMPIONATO!$F$7,CAMPIONATO!$E$14,CAMPIONATO!$F$19,CAMPIONATO!$E$27,CAMPIONATO!$F$32,CAMPIONATO!$F$39,CAMPIONATO!$E$46,CAMPIONATO!$P$7,CAMPIONATO!$O$14,CAMPIONATO!$P$19,CAMPIONATO!$O$27,CAMPIONATO!$P$32,CAMPIONATO!$P$39,CAMPIONATO!$O$46,CAMPIONATO!$AD$7,CAMPIONATO!$AC$14,CAMPIONATO!$AD$19,CAMPIONATO!$AC$27,CAMPIONATO!$AD$32) -> 0 | I29: =SUM(CAMPIONATO!$F$4,CAMPIONATO!$E$11,CAMPIONATO!$F$20,CAMPIONATO!$E$28,CAMPIONATO!$F$33,CAMPIONATO!$E$39,CAMPIONATO!$F$47,CAMPIONATO!$P$4,CAMPIONATO!$O$11,CAMPIONATO!$P$20,CAMPIONATO!$O$28,CAMPIONATO!$P$33,CAMPIONATO!$O$39,CAMPIONATO!$P$47,CAMPIONATO!$AD$4,CAMPIONATO!$AC$11,CAMPIONATO!$AD$20,CAMPIONATO!$AC$28,CAMPIONATO!$AD$33) -> 0 | J29: =SUM(CAMPIONATO!$E$4,CAMPIONATO!$F$14,CAMPIONATO!$F$21,CAMPIONATO!$E$25,CAMPIONATO!$F$34,CAMPIONATO!$E$40,CAMPIONATO!$F$48,CAMPIONATO!$O$4,CAMPIONATO!$P$14,CAMPIONATO!$P$21,CAMPIONATO!$O$25,CAMPIONATO!$P$34,CAMPIONATO!$O$40,CAMPIONATO!$P$48,CAMPIONATO!$AC$4,CAMPIONATO!$AD$14,CAMPIONATO!$AD$21,CAMPIONATO!$AC$25,CAMPIONATO!$AD$34) -> 0 | K29: =SUM(CAMPIONATO!$F$6,CAMPIONATO!$F$11,CAMPIONATO!$E$21,CAMPIONATO!$E$26,CAMPIONATO!$F$35,CAMPIONATO!$E$42,CAMPIONATO!$F$46,CAMPIONATO!$P$6,CAMPIONATO!$P$11,CAMPIONATO!$O$21,CAMPIONATO!$O$26,CAMPIONATO!$P$35,CAMPIONATO!$O$42,CAMPIONATO!$P$46,CAMPIONATO!$AD$6,CAMPIONATO!$AD$11,CAMPIONATO!$AC$21,CAMPIONATO!$AC$26,CAMPIONATO!$AD$35) -> 0
C30: 20 | D30: =SUM(CAMPIONATO!$E$7,CAMPIONATO!$F$12,CAMPIONATO!$E$20,CAMPIONATO!$F$25,CAMPIONATO!$E$35,CAMPIONATO!$E$41,CAMPIONATO!$F$49,CAMPIONATO!$O$7,CAMPIONATO!$P$12,CAMPIONATO!$O$20,CAMPIONATO!$P$25,CAMPIONATO!$O$35,CAMPIONATO!$O$41,CAMPIONATO!$P$49,CAMPIONATO!$AC$7,CAMPIONATO!$AD$12,CAMPIONATO!$AC$20,CAMPIONATO!$AD$25,CAMPIONATO!$AC$35,CAMPIONATO!$AC$41) -> 0 | E30: =SUM(CAMPIONATO!$E$6,CAMPIONATO!$F$13,CAMPIONATO!$E$18,CAMPIONATO!$F$27,CAMPIONATO!$E$33,CAMPIONATO!$F$41,CAMPIONATO!$E$48,CAMPIONATO!$O$6,CAMPIONATO!$P$13,CAMPIONATO!$O$18,CAMPIONATO!$P$27,CAMPIONATO!$O$33,CAMPIONATO!$P$41,CAMPIONATO!$O$48,CAMPIONATO!$AC$6,CAMPIONATO!$AD$13,CAMPIONATO!$AC$18,CAMPIONATO!$AD$27,CAMPIONATO!$AC$33,CAMPIONATO!$AD$41) -> 0 | F30: =SUM(CAMPIONATO!$F$5,CAMPIONATO!$E$13,CAMPIONATO!$E$19,CAMPIONATO!$F$28,CAMPIONATO!$E$34,CAMPIONATO!$F$42,CAMPIONATO!$E$49,CAMPIONATO!$P$5,CAMPIONATO!$O$13,CAMPIONATO!$O$19,CAMPIONATO!$P$28,CAMPIONATO!$O$34,CAMPIONATO!$P$42,CAMPIONATO!$O$49,CAMPIONATO!$AD$5,CAMPIONATO!$AC$13,CAMPIONATO!$AC$19,CAMPIONATO!$AD$28,CAMPIONATO!$AC$34,CAMPIONATO!$AD$42) -> 0 | G30: =SUM(CAMPIONATO!$E$5,CAMPIONATO!$E$12,CAMPIONATO!$F$18,CAMPIONATO!$F$26,CAMPIONATO!$E$32,CAMPIONATO!$F$40,CAMPIONATO!$E$47,CAMPIONATO!$O$5,CAMPIONATO!$O$12,CAMPIONATO!$P$18,CAMPIONATO!$P$26,CAMPIONATO!$O$32,CAMPIONATO!$P$40,CAMPIONATO!$O$47,CAMPIONATO!$AC$5,CAMPIONATO!$AC$12,CAMPIONATO!$AD$18,CAMPIONATO!$AD$26,CAMPIONATO!$AC$32,CAMPIONATO!$AD$40) -> 0 | H30: =SUM(CAMPIONATO!$F$7,CAMPIONATO!$E$14,CAMPIONATO!$F$19,CAMPIONATO!$E$27,CAMPIONATO!$F$32,CAMPIONATO!$F$39,CAMPIONATO!$E$46,CAMPIONATO!$P$7,CAMPIONATO!$O$14,CAMPIONATO!$P$19,CAMPIONATO!$O$27,CAMPIONATO!$P$32,CAMPIONATO!$P$39,CAMPIONATO!$O$46,CAMPIONATO!$AD$7,CAMPIONATO!$AC$14,CAMPIONATO!$AD$19,CAMPIONATO!$AC$27,CAMPIONATO!$AD$32,CAMPIONATO!$AD$39) -> 0 | I30: =SUM(CAMPIONATO!$F$4,CAMPIONATO!$E$11,CAMPIONATO!$F$20,CAMPIONATO!$E$28,CAMPIONATO!$F$33,CAMPIONATO!$E$39,CAMPIONATO!$F$47,CAMPIONATO!$P$4,CAMPIONATO!$O$11,CAMPIONATO!$P$20,CAMPIONATO!$O$28,CAMPIONATO!$P$33,CAMPIONATO!$O$39,CAMPIONATO!$P$47,CAMPIONATO!$AD$4,CAMPIONATO!$AC$11,CAMPIONATO!$AD$20,CAMPIONATO!$AC$28,CAMPIONATO!$AD$33,CAMPIONATO!$AC$39) -> 0 | J30: =SUM(CAMPIONATO!$E$4,CAMPIONATO!$F$14,CAMPIONATO!$F$21,CAMPIONATO!$E$25,CAMPIONATO!$F$34,CAMPIONATO!$E$40,CAMPIONATO!$F$48,CAMPIONATO!$O$4,CAMPIONATO!$P$14,CAMPIONATO!$P$21,CAMPIONATO!$O$25,CAMPIONATO!$P$34,CAMPIONATO!$O$40,CAMPIONATO!$P$48,CAMPIONATO!$AC$4,CAMPIONATO!$AD$14,CAMPIONATO!$AD$21,CAMPIONATO!$AC$25,CAMPIONATO!$AD$34,CAMPIONATO!$AC$40) -> 0 | K30: =SUM(CAMPIONATO!$F$6,CAMPIONATO!$F$11,CAMPIONATO!$E$21,CAMPIONATO!$E$26,CAMPIONATO!$F$35,CAMPIONATO!$E$42,CAMPIONATO!$F$46,CAMPIONATO!$P$6,CAMPIONATO!$P$11,CAMPIONATO!$O$21,CAMPIONATO!$O$26,CAMPIONATO!$P$35,CAMPIONATO!$O$42,CAMPIONATO!$P$46,CAMPIONATO!$AD$6,CAMPIONATO!$AD$11,CAMPIONATO!$AC$21,CAMPIONATO!$AC$26,CAMPIONATO!$AD$35,CAMPIONATO!$AC$42) -> 0
C31: 21 | D31: =SUM(CAMPIONATO!$E$7,CAMPIONATO!$F$12,CAMPIONATO!$E$20,CAMPIONATO!$F$25,CAMPIONATO!$E$35,CAMPIONATO!$E$41,CAMPIONATO!$F$49,CAMPIONATO!$O$7,CAMPIONATO!$P$12,CAMPIONATO!$O$20,CAMPIONATO!$P$25,CAMPIONATO!$O$35,CAMPIONATO!$O$41,CAMPIONATO!$P$49,CAMPIONATO!$AC$7,CAMPIONATO!$AD$12,CAMPIONATO!$AC$20,CAMPIONATO!$AD$25,CAMPIONATO!$AC$35,CAMPIONATO!$AC$41,CAMPIONATO!$AD$49) -> 0 | E31: =SUM(CAMPIONATO!$E$6,CAMPIONATO!$F$13,CAMPIONATO!$E$18,CAMPIONATO!$F$27,CAMPIONATO!$E$33,CAMPIONATO!$F$41,CAMPIONATO!$E$48,CAMPIONATO!$O$6,CAMPIONATO!$P$13,CAMPIONATO!$O$18,CAMPIONATO!$P$27,CAMPIONATO!$O$33,CAMPIONATO!$P$41,CAMPIONATO!$O$48,CAMPIONATO!$AC$6,CAMPIONATO!$AD$13,CAMPIONATO!$AC$18,CAMPIONATO!$AD$27,CAMPIONATO!$AC$33,CAMPIONATO!$AD$41,CAMPIONATO!$AC$48) -> 0 | F31: =SUM(CAMPIONATO!$F$5,CAMPIONATO!$E$13,CAMPIONATO!$E$19,CAMPIONATO!$F$28,CAMPIONATO!$E$34,CAMPIONATO!$F$42,CAMPIONATO!$E$49,CAMPIONATO!$P$5,CAMPIONATO!$O$13,CAMPIONATO!$O$19,CAMPIONATO!$P$28,CAMPIONATO!$O$34,CAMPIONATO!$P$42,CAMPIONATO!$O$49,CAMPIONATO!$AD$5,CAMPIONATO!$AC$13,CAMPIONATO!$AC$19,CAMPIONATO!$AD$28,CAMPIONATO!$AC$34,CAMPIONATO!$AD$42,CAMPIONATO!$AC$49) -> 0 | G31: =SUM(CAMPIONATO!$E$5,CAMPIONATO!$E$12,CAMPIONATO!$F$18,CAMPIONATO!$F$26,CAMPIONATO!$E$32,CAMPIONATO!$F$40,CAMPIONATO!$E$47,CAMPIONATO!$O$5,CAMPIONATO!$O$12,CAMPIONATO!$P$18,CAMPIONATO!$P$26,CAMPIONATO!$O$32,CAMPIONATO!$P$40,CAMPIONATO!$O$47,CAMPIONATO!$AC$5,CAMPIONATO!$AC$12,CAMPIONATO!$AD$18,CAMPIONATO!$AD$26,CAMPIONATO!$AC$32,CAMPIONATO!$AD$40,CAMPIONATO!$AC$47) -> 0 | H31: =SUM(CAMPIONATO!$F$7,CAMPIONATO!$E$14,CAMPIONATO!$F$19,CAMPIONATO!$E$27,CAMPIONATO!$F$32,CAMPIONATO!$F$39,CAMPIONATO!$E$46,CAMPIONATO!$P$7,CAMPIONATO!$O$14,CAMPIONATO!$P$19,CAMPIONATO!$O$27,CAMPIONATO!$P$32,CAMPIONATO!$P$39,CAMPIONATO!$O$46,CAMPIONATO!$AD$7,CAMPIONATO!$AC$14,CAMPIONATO!$AD$19,CAMPIONATO!$AC$27,CAMPIONATO!$AD$32,CAMPIONATO!$AD$39,CAMPIONATO!$AC$46) -> 0 | I31: =SUM(CAMPIONATO!$F$4,CAMPIONATO!$E$11,CAMPIONATO!$F$20,CAMPIONATO!$E$28,CAMPIONATO!$F$33,CAMPIONATO!$E$39,CAMPIONATO!$F$47,CAMPIONATO!$P$4,CAMPIONATO!$O$11,CAMPIONATO!$P$20,CAMPIONATO!$O$28,CAMPIONATO!$P$33,CAMPIONATO!$O$39,CAMPIONATO!$P$47,CAMPIONATO!$AD$4,CAMPIONATO!$AC$11,CAMPIONATO!$AD$20,CAMPIONATO!$AC$28,CAMPIONATO!$AD$33,CAMPIONATO!$AC$39,CAMPIONATO!$AD$47) -> 0 | J31: =SUM(CAMPIONATO!$E$4,CAMPIONATO!$F$14,CAMPIONATO!$F$21,CAMPIONATO!$E$25,CAMPIONATO!$F$34,CAMPIONATO!$E$40,CAMPIONATO!$F$48,CAMPIONATO!$O$4,CAMPIONATO!$P$14,CAMPIONATO!$P$21,CAMPIONATO!$O$25,CAMPIONATO!$P$34,CAMPIONATO!$O$40,CAMPIONATO!$P$48,CAMPIONATO!$AC$4,CAMPIONATO!$AD$14,CAMPIONATO!$AD$21,CAMPIONATO!$AC$25,CAMPIONATO!$AD$34,CAMPIONATO!$AC$40,CAMPIONATO!$AD$48) -> 0 | K31: =SUM(CAMPIONATO!$F$6,CAMPIONATO!$F$11,CAMPIONATO!$E$21,CAMPIONATO!$E$26,CAMPIONATO!$F$35,CAMPIONATO!$E$42,CAMPIONATO!$F$46,CAMPIONATO!$P$6,CAMPIONATO!$P$11,CAMPIONATO!$O$21,CAMPIONATO!$O$26,CAMPIONATO!$P$35,CAMPIONATO!$O$42,CAMPIONATO!$P$46,CAMPIONATO!$AD$6,CAMPIONATO!$AD$11,CAMPIONATO!$AC$21,CAMPIONATO!$AC$26,CAMPIONATO!$AD$35,CAMPIONATO!$AC$42,CAMPIONATO!$AD$46) -> 0
C32: 22 | D32: =SUM(CAMPIONATO!$E$7,CAMPIONATO!$F$12,CAMPIONATO!$E$20,CAMPIONATO!$F$25,CAMPIONATO!$E$35,CAMPIONATO!$E$41,CAMPIONATO!$F$49,CAMPIONATO!$O$7,CAMPIONATO!$P$12,CAMPIONATO!$O$20,CAMPIONATO!$P$25,CAMPIONATO!$O$35,CAMPIONATO!$O$41,CAMPIONATO!$P$49,CAMPIONATO!$AC$7,CAMPIONATO!$AD$12,CAMPIONATO!$AC$20,CAMPIONATO!$AD$25,CAMPIONATO!$AC$35,CAMPIONATO!$AC$41,CAMPIONATO!$AD$49,CAMPIONATO!$AM$7) -> 0 | E32: =SUM(CAMPIONATO!$E$6,CAMPIONATO!$F$13,CAMPIONATO!$E$18,CAMPIONATO!$F$27,CAMPIONATO!$E$33,CAMPIONATO!$F$41,CAMPIONATO!$E$48,CAMPIONATO!$O$6,CAMPIONATO!$P$13,CAMPIONATO!$O$18,CAMPIONATO!$P$27,CAMPIONATO!$O$33,CAMPIONATO!$P$41,CAMPIONATO!$O$48,CAMPIONATO!$AC$6,CAMPIONATO!$AD$13,CAMPIONATO!$AC$18,CAMPIONATO!$AD$27,CAMPIONATO!$AC$33,CAMPIONATO!$AD$41,CAMPIONATO!$AC$48,CAMPIONATO!$AM$6) -> 0 | F32: =SUM(CAMPIONATO!$F$5,CAMPIONATO!$E$13,CAMPIONATO!$E$19,CAMPIONATO!$F$28,CAMPIONATO!$E$34,CAMPIONATO!$F$42,CAMPIONATO!$E$49,CAMPIONATO!$P$5,CAMPIONATO!$O$13,CAMPIONATO!$O$19,CAMPIONATO!$P$28,CAMPIONATO!$O$34,CAMPIONATO!$P$42,CAMPIONATO!$O$49,CAMPIONATO!$AD$5,CAMPIONATO!$AC$13,CAMPIONATO!$AC$19,CAMPIONATO!$AD$28,CAMPIONATO!$AC$34,CAMPIONATO!$AD$42,CAMPIONATO!$AC$49,CAMPIONATO!$AN$5) -> 0 | G32: =SUM(CAMPIONATO!$E$5,CAMPIONATO!$E$12,CAMPIONATO!$F$18,CAMPIONATO!$F$26,CAMPIONATO!$E$32,CAMPIONATO!$F$40,CAMPIONATO!$E$47,CAMPIONATO!$O$5,CAMPIONATO!$O$12,CAMPIONATO!$P$18,CAMPIONATO!$P$26,CAMPIONATO!$O$32,CAMPIONATO!$P$40,CAMPIONATO!$O$47,CAMPIONATO!$AC$5,CAMPIONATO!$AC$12,CAMPIONATO!$AD$18,CAMPIONATO!$AD$26,CAMPIONATO!$AC$32,CAMPIONATO!$AD$40,CAMPIONATO!$AC$47,CAMPIONATO!$AM$5) -> 0 | H32: =SUM(CAMPIONATO!$F$7,CAMPIONATO!$E$14,CAMPIONATO!$F$19,CAMPIONATO!$E$27,CAMPIONATO!$F$32,CAMPIONATO!$F$39,CAMPIONATO!$E$46,CAMPIONATO!$P$7,CAMPIONATO!$O$14,CAMPIONATO!$P$19,CAMPIONATO!$O$27,CAMPIONATO!$P$32,CAMPIONATO!$P$39,CAMPIONATO!$O$46,CAMPIONATO!$AD$7,CAMPIONATO!$AC$14,CAMPIONATO!$AD$19,CAMPIONATO!$AC$27,CAMPIONATO!$AD$32,CAMPIONATO!$AD$39,CAMPIONATO!$AC$46,CAMPIONATO!$AN$7) -> 0 | I32: =SUM(CAMPIONATO!$F$4,CAMPIONATO!$E$11,CAMPIONATO!$F$20,CAMPIONATO!$E$28,CAMPIONATO!$F$33,CAMPIONATO!$E$39,CAMPIONATO!$F$47,CAMPIONATO!$P$4,CAMPIONATO!$O$11,CAMPIONATO!$P$20,CAMPIONATO!$O$28,CAMPIONATO!$P$33,CAMPIONATO!$O$39,CAMPIONATO!$P$47,CAMPIONATO!$AD$4,CAMPIONATO!$AC$11,CAMPIONATO!$AD$20,CAMPIONATO!$AC$28,CAMPIONATO!$AD$33,CAMPIONATO!$AC$39,CAMPIONATO!$AD$47,CAMPIONATO!$AN$4) -> 0 | J32: =SUM(CAMPIONATO!$E$4,CAMPIONATO!$F$14,CAMPIONATO!$F$21,CAMPIONATO!$E$25,CAMPIONATO!$F$34,CAMPIONATO!$E$40,CAMPIONATO!$F$48,CAMPIONATO!$O$4,CAMPIONATO!$P$14,CAMPIONATO!$P$21,CAMPIONATO!$O$25,CAMPIONATO!$P$34,CAMPIONATO!$O$40,CAMPIONATO!$P$48,CAMPIONATO!$AC$4,CAMPIONATO!$AD$14,CAMPIONATO!$AD$21,CAMPIONATO!$AC$25,CAMPIONATO!$AD$34,CAMPIONATO!$AC$40,CAMPIONATO!$AD$48,CAMPIONATO!$AM$4) -> 0 | K32: =SUM(CAMPIONATO!$F$6,CAMPIONATO!$F$11,CAMPIONATO!$E$21,CAMPIONATO!$E$26,CAMPIONATO!$F$35,CAMPIONATO!$E$42,CAMPIONATO!$F$46,CAMPIONATO!$P$6,CAMPIONATO!$P$11,CAMPIONATO!$O$21,CAMPIONATO!$O$26,CAMPIONATO!$P$35,CAMPIONATO!$O$42,CAMPIONATO!$P$46,CAMPIONATO!$AD$6,CAMPIONATO!$AD$11,CAMPIONATO!$AC$21,CAMPIONATO!$AC$26,CAMPIONATO!$AD$35,CAMPIONATO!$AC$42,CAMPIONATO!$AD$46,CAMPIONATO!$AN$6) -> 0
C33: 23 | D33: =SUM(CAMPIONATO!$E$7,CAMPIONATO!$F$12,CAMPIONATO!$E$20,CAMPIONATO!$F$25,CAMPIONATO!$E$35,CAMPIONATO!$E$41,CAMPIONATO!$F$49,CAMPIONATO!$O$7,CAMPIONATO!$P$12,CAMPIONATO!$O$20,CAMPIONATO!$P$25,CAMPIONATO!$O$35,CAMPIONATO!$O$41,CAMPIONATO!$P$49,CAMPIONATO!$AC$7,CAMPIONATO!$AD$12,CAMPIONATO!$AC$20,CAMPIONATO!$AD$25,CAMPIONATO!$AC$35,CAMPIONATO!$AC$41,CAMPIONATO!$AD$49,CAMPIONATO!$AM$7,CAMPIONATO!$AN$12) -> 0 | E33: =SUM(CAMPIONATO!$E$6,CAMPIONATO!$F$13,CAMPIONATO!$E$18,CAMPIONATO!$F$27,CAMPIONATO!$E$33,CAMPIONATO!$F$41,CAMPIONATO!$E$48,CAMPIONATO!$O$6,CAMPIONATO!$P$13,CAMPIONATO!$O$18,CAMPIONATO!$P$27,CAMPIONATO!$O$33,CAMPIONATO!$P$41,CAMPIONATO!$O$48,CAMPIONATO!$AC$6,CAMPIONATO!$AD$13,CAMPIONATO!$AC$18,CAMPIONATO!$AD$27,CAMPIONATO!$AC$33,CAMPIONATO!$AD$41,CAMPIONATO!$AC$48,CAMPIONATO!$AM$6,CAMPIONATO!$AN$13) -> 0 | F33: =SUM(CAMPIONATO!$F$5,CAMPIONATO!$E$13,CAMPIONATO!$E$19,CAMPIONATO!$F$28,CAMPIONATO!$E$34,CAMPIONATO!$F$42,CAMPIONATO!$E$49,CAMPIONATO!$P$5,CAMPIONATO!$O$13,CAMPIONATO!$O$19,CAMPIONATO!$P$28,CAMPIONATO!$O$34,CAMPIONATO!$P$42,CAMPIONATO!$O$49,CAMPIONATO!$AD$5,CAMPIONATO!$AC$13,CAMPIONATO!$AC$19,CAMPIONATO!$AD$28,CAMPIONATO!$AC$34,CAMPIONATO!$AD$42,CAMPIONATO!$AC$49,CAMPIONATO!$AN$5,CAMPIONATO!$AM$13) -> 0 | G33: =SUM(CAMPIONATO!$E$5,CAMPIONATO!$E$12,CAMPIONATO!$F$18,CAMPIONATO!$F$26,CAMPIONATO!$E$32,CAMPIONATO!$F$40,CAMPIONATO!$E$47,CAMPIONATO!$O$5,CAMPIONATO!$O$12,CAMPIONATO!$P$18,CAMPIONATO!$P$26,CAMPIONATO!$O$32,CAMPIONATO!$P$40,CAMPIONATO!$O$47,CAMPIONATO!$AC$5,CAMPIONATO!$AC$12,CAMPIONATO!$AD$18,CAMPIONATO!$AD$26,CAMPIONATO!$AC$32,CAMPIONATO!$AD$40,CAMPIONATO!$AC$47,CAMPIONATO!$AM$5,CAMPIONATO!$AM$12) -> 0 | H33: =SUM(CAMPIONATO!$F$7,CAMPIONATO!$E$14,CAMPIONATO!$F$19,CAMPIONATO!$E$27,CAMPIONATO!$F$32,CAMPIONATO!$F$39,CAMPIONATO!$E$46,CAMPIONATO!$P$7,CAMPIONATO!$O$14,CAMPIONATO!$P$19,CAMPIONATO!$O$27,CAMPIONATO!$P$32,CAMPIONATO!$P$39,CAMPIONATO!$O$46,CAMPIONATO!$AD$7,CAMPIONATO!$AC$14,CAMPIONATO!$AD$19,CAMPIONATO!$AC$27,CAMPIONATO!$AD$32,CAMPIONATO!$AD$39,CAMPIONATO!$AC$46,CAMPIONATO!$AN$7,CAMPIONATO!$AM$14) -> 0 | I33: =SUM(CAMPIONATO!$F$4,CAMPIONATO!$E$11,CAMPIONATO!$F$20,CAMPIONATO!$E$28,CAMPIONATO!$F$33,CAMPIONATO!$E$39,CAMPIONATO!$F$47,CAMPIONATO!$P$4,CAMPIONATO!$O$11,CAMPIONATO!$P$20,CAMPIONATO!$O$28,CAMPIONATO!$P$33,CAMPIONATO!$O$39,CAMPIONATO!$P$47,CAMPIONATO!$AD$4,CAMPIONATO!$AC$11,CAMPIONATO!$AD$20,CAMPIONATO!$AC$28,CAMPIONATO!$AD$33,CAMPIONATO!$AC$39,CAMPIONATO!$AD$47,CAMPIONATO!$AN$4,CAMPIONATO!$AM$11) -> 0 | J33: =SUM(CAMPIONATO!$E$4,CAMPIONATO!$F$14,CAMPIONATO!$F$21,CAMPIONATO!$E$25,CAMPIONATO!$F$34,CAMPIONATO!$E$40,CAMPIONATO!$F$48,CAMPIONATO!$O$4,CAMPIONATO!$P$14,CAMPIONATO!$P$21,CAMPIONATO!$O$25,CAMPIONATO!$P$34,CAMPIONATO!$O$40,CAMPIONATO!$P$48,CAMPIONATO!$AC$4,CAMPIONATO!$AD$14,CAMPIONATO!$AD$21,CAMPIONATO!$AC$25,CAMPIONATO!$AD$34,CAMPIONATO!$AC$40,CAMPIONATO!$AD$48,CAMPIONATO!$AM$4,CAMPIONATO!$AN$14) -> 0 | K33: =SUM(CAMPIONATO!$F$6,CAMPIONATO!$F$11,CAMPIONATO!$E$21,CAMPIONATO!$E$26,CAMPIONATO!$F$35,CAMPIONATO!$E$42,CAMPIONATO!$F$46,CAMPIONATO!$P$6,CAMPIONATO!$P$11,CAMPIONATO!$O$21,CAMPIONATO!$O$26,CAMPIONATO!$P$35,CAMPIONATO!$O$42,CAMPIONATO!$P$46,CAMPIONATO!$AD$6,CAMPIONATO!$AD$11,CAMPIONATO!$AC$21,CAMPIONATO!$AC$26,CAMPIONATO!$AD$35,CAMPIONATO!$AC$42,CAMPIONATO!$AD$46,CAMPIONATO!$AN$6,CAMPIONATO!$AN$11) -> 0
C34: 24 | D34: =SUM(CAMPIONATO!$E$7,CAMPIONATO!$F$12,CAMPIONATO!$E$20,CAMPIONATO!$F$25,CAMPIONATO!$E$35,CAMPIONATO!$E$41,CAMPIONATO!$F$49,CAMPIONATO!$O$7,CAMPIONATO!$P$12,CAMPIONATO!$O$20,CAMPIONATO!$P$25,CAMPIONATO!$O$35,CAMPIONATO!$O$41,CAMPIONATO!$P$49,CAMPIONATO!$AC$7,CAMPIONATO!$AD$12,CAMPIONATO!$AC$20,CAMPIONATO!$AD$25,CAMPIONATO!$AC$35,CAMPIONATO!$AC$41,CAMPIONATO!$AD$49,CAMPIONATO!$AM$7,CAMPIONATO!$AN$12,CAMPIONATO!$AM$20) -> 0 | E34: =SUM(CAMPIONATO!$E$6,CAMPIONATO!$F$13,CAMPIONATO!$E$18,CAMPIONATO!$F$27,CAMPIONATO!$E$33,CAMPIONATO!$F$41,CAMPIONATO!$E$48,CAMPIONATO!$O$6,CAMPIONATO!$P$13,CAMPIONATO!$O$18,CAMPIONATO!$P$27,CAMPIONATO!$O$33,CAMPIONATO!$P$41,CAMPIONATO!$O$48,CAMPIONATO!$AC$6,CAMPIONATO!$AD$13,CAMPIONATO!$AC$18,CAMPIONATO!$AD$27,CAMPIONATO!$AC$33,CAMPIONATO!$AD$41,CAMPIONATO!$AC$48,CAMPIONATO!$AM$6,CAMPIONATO!$AN$13,CAMPIONATO!$AM$18) -> 0 | F34: =SUM(CAMPIONATO!$F$5,CAMPIONATO!$E$13,CAMPIONATO!$E$19,CAMPIONATO!$F$28,CAMPIONATO!$E$34,CAMPIONATO!$F$42,CAMPIONATO!$E$49,CAMPIONATO!$P$5,CAMPIONATO!$O$13,CAMPIONATO!$O$19,CAMPIONATO!$P$28,CAMPIONATO!$O$34,CAMPIONATO!$P$42,CAMPIONATO!$O$49,CAMPIONATO!$AD$5,CAMPIONATO!$AC$13,CAMPIONATO!$AC$19,CAMPIONATO!$AD$28,CAMPIONATO!$AC$34,CAMPIONATO!$AD$42,CAMPIONATO!$AC$49,CAMPIONATO!$AN$5,CAMPIONATO!$AM$13,CAMPIONATO!$AM$19) -> 0 | G34: =SUM(CAMPIONATO!$E$5,CAMPIONATO!$E$12,CAMPIONATO!$F$18,CAMPIONATO!$F$26,CAMPIONATO!$E$32,CAMPIONATO!$F$40,CAMPIONATO!$E$47,CAMPIONATO!$O$5,CAMPIONATO!$O$12,CAMPIONATO!$P$18,CAMPIONATO!$P$26,CAMPIONATO!$O$32,CAMPIONATO!$P$40,CAMPIONATO!$O$47,CAMPIONATO!$AC$5,CAMPIONATO!$AC$12,CAMPIONATO!$AD$18,CAMPIONATO!$AD$26,CAMPIONATO!$AC$32,CAMPIONATO!$AD$40,CAMPIONATO!$AC$47,CAMPIONATO!$AM$5,CAMPIONATO!$AM$12,CAMPIONATO!$AN$18) -> 0 | H34: =SUM(CAMPIONATO!$F$7,CAMPIONATO!$E$14,CAMPIONATO!$F$19,CAMPIONATO!$E$27,CAMPIONATO!$F$32,CAMPIONATO!$F$39,CAMPIONATO!$E$46,CAMPIONATO!$P$7,CAMPIONATO!$O$14,CAMPIONATO!$P$19,CAMPIONATO!$O$27,CAMPIONATO!$P$32,CAMPIONATO!$P$39,CAMPIONATO!$O$46,CAMPIONATO!$AD$7,CAMPIONATO!$AC$14,CAMPIONATO!$AD$19,CAMPIONATO!$AC$27,CAMPIONATO!$AD$32,CAMPIONATO!$AD$39,CAMPIONATO!$AC$46,CAMPIONATO!$AN$7,CAMPIONATO!$AM$14,CAMPIONATO!$AN$19) -> 0 | I34: =SUM(CAMPIONATO!$F$4,CAMPIONATO!$E$11,CAMPIONATO!$F$20,CAMPIONATO!$E$28,CAMPIONATO!$F$33,CAMPIONATO!$E$39,CAMPIONATO!$F$47,CAMPIONATO!$P$4,CAMPIONATO!$O$11,CAMPIONATO!$P$20,CAMPIONATO!$O$28,CAMPIONATO!$P$33,CAMPIONATO!$O$39,CAMPIONATO!$P$47,CAMPIONATO!$AD$4,CAMPIONATO!$AC$11,CAMPIONATO!$AD$20,CAMPIONATO!$AC$28,CAMPIONATO!$AD$33,CAMPIONATO!$AC$39,CAMPIONATO!$AD$47,CAMPIONATO!$AN$4,CAMPIONATO!$AM$11,CAMPIONATO!$AN$20) -> 0 | J34: =SUM(CAMPIONATO!$E$4,CAMPIONATO!$F$14,CAMPIONATO!$F$21,CAMPIONATO!$E$25,CAMPIONATO!$F$34,CAMPIONATO!$E$40,CAMPIONATO!$F$48,CAMPIONATO!$O$4,CAMPIONATO!$P$14,CAMPIONATO!$P$21,CAMPIONATO!$O$25,CAMPIONATO!$P$34,CAMPIONATO!$O$40,CAMPIONATO!$P$48,CAMPIONATO!$AC$4,CAMPIONATO!$AD$14,CAMPIONATO!$AD$21,CAMPIONATO!$AC$25,CAMPIONATO!$AD$34,CAMPIONATO!$AC$40,CAMPIONATO!$AD$48,CAMPIONATO!$AM$4,CAMPIONATO!$AN$14,CAMPIONATO!$AN$21) -> 0 | K34: =SUM(CAMPIONATO!$F$6,CAMPIONATO!$F$11,CAMPIONATO!$E$21,CAMPIONATO!$E$26,CAMPIONATO!$F$35,CAMPIONATO!$E$42,CAMPIONATO!$F$46,CAMPIONATO!$P$6,CAMPIONATO!$P$11,CAMPIONATO!$O$21,CAMPIONATO!$O$26,CAMPIONATO!$P$35,CAMPIONATO!$O$42,CAMPIONATO!$P$46,CAMPIONATO!$AD$6,CAMPIONATO!$AD$11,CAMPIONATO!$AC$21,CAMPIONATO!$AC$26,CAMPIONATO!$AD$35,CAMPIONATO!$AC$42,CAMPIONATO!$AD$46,CAMPIONATO!$AN$6,CAMPIONATO!$AN$11,CAMPIONATO!$AM$21) -> 0
C35: 25 | D35: =SUM(CAMPIONATO!$E$7,CAMPIONATO!$F$12,CAMPIONATO!$E$20,CAMPIONATO!$F$25,CAMPIONATO!$E$35,CAMPIONATO!$E$41,CAMPIONATO!$F$49,CAMPIONATO!$O$7,CAMPIONATO!$P$12,CAMPIONATO!$O$20,CAMPIONATO!$P$25,CAMPIONATO!$O$35,CAMPIONATO!$O$41,CAMPIONATO!$P$49,CAMPIONATO!$AC$7,CAMPIONATO!$AD$12,CAMPIONATO!$AC$20,CAMPIONATO!$AD$25,CAMPIONATO!$AC$35,CAMPIONATO!$AC$41,CAMPIONATO!$AD$49,CAMPIONATO!$AM$7,CAMPIONATO!$AN$12,CAMPIONATO!$AM$20,CAMPIONATO!$AN$25) -> 0 | E35: =SUM(CAMPIONATO!$E$6,CAMPIONATO!$F$13,CAMPIONATO!$E$18,CAMPIONATO!$F$27,CAMPIONATO!$E$33,CAMPIONATO!$F$41,CAMPIONATO!$E$48,CAMPIONATO!$O$6,CAMPIONATO!$P$13,CAMPIONATO!$O$18,CAMPIONATO!$P$27,CAMPIONATO!$O$33,CAMPIONATO!$P$41,CAMPIONATO!$O$48,CAMPIONATO!$AC$6,CAMPIONATO!$AD$13,CAMPIONATO!$AC$18,CAMPIONATO!$AD$27,CAMPIONATO!$AC$33,CAMPIONATO!$AD$41,CAMPIONATO!$AC$48,CAMPIONATO!$AM$6,CAMPIONATO!$AN$13,CAMPIONATO!$AM$18,CAMPIONATO!$AN$27) -> 0 | F35: =SUM(CAMPIONATO!$F$5,CAMPIONATO!$E$13,CAMPIONATO!$E$19,CAMPIONATO!$F$28,CAMPIONATO!$E$34,CAMPIONATO!$F$42,CAMPIONATO!$E$49,CAMPIONATO!$P$5,CAMPIONATO!$O$13,CAMPIONATO!$O$19,CAMPIONATO!$P$28,CAMPIONATO!$O$34,CAMPIONATO!$P$42,CAMPIONATO!$O$49,CAMPIONATO!$AD$5,CAMPIONATO!$AC$13,CAMPIONATO!$AC$19,CAMPIONATO!$AD$28,CAMPIONATO!$AC$34,CAMPIONATO!$AD$42,CAMPIONATO!$AC$49,CAMPIONATO!$AN$5,CAMPIONATO!$AM$13,CAMPIONATO!$AM$19,CAMPIONATO!$AN$28) -> 0 | G35: =SUM(CAMPIONATO!$E$5,CAMPIONATO!$E$12,CAMPIONATO!$F$18,CAMPIONATO!$F$26,CAMPIONATO!$E$32,CAMPIONATO!$F$40,CAMPIONATO!$E$47,CAMPIONATO!$O$5,CAMPIONATO!$O$12,CAMPIONATO!$P$18,CAMPIONATO!$P$26,CAMPIONATO!$O$32,CAMPIONATO!$P$40,CAMPIONATO!$O$47,CAMPIONATO!$AC$5,CAMPIONATO!$AC$12,CAMPIONATO!$AD$18,CAMPIONATO!$AD$26,CAMPIONATO!$AC$32,CAMPIONATO!$AD$40,CAMPIONATO!$AC$47,CAMPIONATO!$AM$5,CAMPIONATO!$AM$12,CAMPIONATO!$AN$18,CAMPIONATO!$AN$26) -> 0 | H35: =SUM(CAMPIONATO!$F$7,CAMPIONATO!$E$14,CAMPIONATO!$F$19,CAMPIONATO!$E$27,CAMPIONATO!$F$32,CAMPIONATO!$F$39,CAMPIONATO!$E$46,CAMPIONATO!$P$7,CAMPIONATO!$O$14,CAMPIONATO!$P$19,CAMPIONATO!$O$27,CAMPIONATO!$P$32,CAMPIONATO!$P$39,CAMPIONATO!$O$46,CAMPIONATO!$AD$7,CAMPIONATO!$AC$14,CAMPIONATO!$AD$19,CAMPIONATO!$AC$27,CAMPIONATO!$AD$32,CAMPIONATO!$AD$39,CAMPIONATO!$AC$46,CAMPIONATO!$AN$7,CAMPIONATO!$AM$14,CAMPIONATO!$AN$19,CAMPIONATO!$AM$27) -> 0 | I35: =SUM(CAMPIONATO!$F$4,CAMPIONATO!$E$11,CAMPIONATO!$F$20,CAMPIONATO!$E$28,CAMPIONATO!$F$33,CAMPIONATO!$E$39,CAMPIONATO!$F$47,CAMPIONATO!$P$4,CAMPIONATO!$O$11,CAMPIONATO!$P$20,CAMPIONATO!$O$28,CAMPIONATO!$P$33,CAMPIONATO!$O$39,CAMPIONATO!$P$47,CAMPIONATO!$AD$4,CAMPIONATO!$AC$11,CAMPIONATO!$AD$20,CAMPIONATO!$AC$28,CAMPIONATO!$AD$33,CAMPIONATO!$AC$39,CAMPIONATO!$AD$47,CAMPIONATO!$AN$4,CAMPIONATO!$AM$11,CAMPIONATO!$AN$20,CAMPIONATO!$AM$28) -> 0 | J35: =SUM(CAMPIONATO!$E$4,CAMPIONATO!$F$14,CAMPIONATO!$F$21,CAMPIONATO!$E$25,CAMPIONATO!$F$34,CAMPIONATO!$E$40,CAMPIONATO!$F$48,CAMPIONATO!$O$4,CAMPIONATO!$P$14,CAMPIONATO!$P$21,CAMPIONATO!$O$25,CAMPIONATO!$P$34,CAMPIONATO!$O$40,CAMPIONATO!$P$48,CAMPIONATO!$AC$4,CAMPIONATO!$AD$14,CAMPIONATO!$AD$21,CAMPIONATO!$AC$25,CAMPIONATO!$AD$34,CAMPIONATO!$AC$40,CAMPIONATO!$AD$48,CAMPIONATO!$AM$4,CAMPIONATO!$AN$14,CAMPIONATO!$AN$21,CAMPIONATO!$AM$25) -> 0 | K35: =SUM(CAMPIONATO!$F$6,CAMPIONATO!$F$11,CAMPIONATO!$E$21,CAMPIONATO!$E$26,CAMPIONATO!$F$35,CAMPIONATO!$E$42,CAMPIONATO!$F$46,CAMPIONATO!$P$6,CAMPIONATO!$P$11,CAMPIONATO!$O$21,CAMPIONATO!$O$26,CAMPIONATO!$P$35,CAMPIONATO!$O$42,CAMPIONATO!$P$46,CAMPIONATO!$AD$6,CAMPIONATO!$AD$11,CAMPIONATO!$AC$21,CAMPIONATO!$AC$26,CAMPIONATO!$AD$35,CAMPIONATO!$AC$42,CAMPIONATO!$AD$46,CAMPIONATO!$AN$6,CAMPIONATO!$AN$11,CAMPIONATO!$AM$21,CAMPIONATO!$AM$26) -> 0
C36: 26 | D36: =SUM(CAMPIONATO!$E$7,CAMPIONATO!$F$12,CAMPIONATO!$E$20,CAMPIONATO!$F$25,CAMPIONATO!$E$35,CAMPIONATO!$E$41,CAMPIONATO!$F$49,CAMPIONATO!$O$7,CAMPIONATO!$P$12,CAMPIONATO!$O$20,CAMPIONATO!$P$25,CAMPIONATO!$O$35,CAMPIONATO!$O$41,CAMPIONATO!$P$49,CAMPIONATO!$AC$7,CAMPIONATO!$AD$12,CAMPIONATO!$AC$20,CAMPIONATO!$AD$25,CAMPIONATO!$AC$35,CAMPIONATO!$AC$41,CAMPIONATO!$AD$49,CAMPIONATO!$AM$7,CAMPIONATO!$AN$12,CAMPIONATO!$AM$20,CAMPIONATO!$AN$25,CAMPIONATO!$AM$35) -> 0 | E36: =SUM(CAMPIONATO!$E$6,CAMPIONATO!$F$13,CAMPIONATO!$E$18,CAMPIONATO!$F$27,CAMPIONATO!$E$33,CAMPIONATO!$F$41,CAMPIONATO!$E$48,CAMPIONATO!$O$6,CAMPIONATO!$P$13,CAMPIONATO!$O$18,CAMPIONATO!$P$27,CAMPIONATO!$O$33,CAMPIONATO!$P$41,CAMPIONATO!$O$48,CAMPIONATO!$AC$6,CAMPIONATO!$AD$13,CAMPIONATO!$AC$18,CAMPIONATO!$AD$27,CAMPIONATO!$AC$33,CAMPIONATO!$AD$41,CAMPIONATO!$AC$48,CAMPIONATO!$AM$6,CAMPIONATO!$AN$13,CAMPIONATO!$AM$18,CAMPIONATO!$AN$27,CAMPIONATO!$AM$33) -> 0 | F36: =SUM(CAMPIONATO!$F$5,CAMPIONATO!$E$13,CAMPIONATO!$E$19,CAMPIONATO!$F$28,CAMPIONATO!$E$34,CAMPIONATO!$F$42,CAMPIONATO!$E$49,CAMPIONATO!$P$5,CAMPIONATO!$O$13,CAMPIONATO!$O$19,CAMPIONATO!$P$28,CAMPIONATO!$O$34,CAMPIONATO!$P$42,CAMPIONATO!$O$49,CAMPIONATO!$AD$5,CAMPIONATO!$AC$13,CAMPIONATO!$AC$19,CAMPIONATO!$AD$28,CAMPIONATO!$AC$34,CAMPIONATO!$AD$42,CAMPIONATO!$AC$49,CAMPIONATO!$AN$5,CAMPIONATO!$AM$13,CAMPIONATO!$AM$19,CAMPIONATO!$AN$28,CAMPIONATO!$AM$34) -> 0 | G36: =SUM(CAMPIONATO!$E$5,CAMPIONATO!$E$12,CAMPIONATO!$F$18,CAMPIONATO!$F$26,CAMPIONATO!$E$32,CAMPIONATO!$F$40,CAMPIONATO!$E$47,CAMPIONATO!$O$5,CAMPIONATO!$O$12,CAMPIONATO!$P$18,CAMPIONATO!$P$26,CAMPIONATO!$O$32,CAMPIONATO!$P$40,CAMPIONATO!$O$47,CAMPIONATO!$AC$5,CAMPIONATO!$AC$12,CAMPIONATO!$AD$18,CAMPIONATO!$AD$26,CAMPIONATO!$AC$32,CAMPIONATO!$AD$40,CAMPIONATO!$AC$47,CAMPIONATO!$AM$5,CAMPIONATO!$AM$12,CAMPIONATO!$AN$18,CAMPIONATO!$AN$26,CAMPIONATO!$AM$32) -> 0 | H36: =SUM(CAMPIONATO!$F$7,CAMPIONATO!$E$14,CAMPIONATO!$F$19,CAMPIONATO!$E$27,CAMPIONATO!$F$32,CAMPIONATO!$F$39,CAMPIONATO!$E$46,CAMPIONATO!$P$7,CAMPIONATO!$O$14,CAMPIONATO!$P$19,CAMPIONATO!$O$27,CAMPIONATO!$P$32,CAMPIONATO!$P$39,CAMPIONATO!$O$46,CAMPIONATO!$AD$7,CAMPIONATO!$AC$14,CAMPIONATO!$AD$19,CAMPIONATO!$AC$27,CAMPIONATO!$AD$32,CAMPIONATO!$AD$39,CAMPIONATO!$AC$46,CAMPIONATO!$AN$7,CAMPIONATO!$AM$14,CAMPIONATO!$AN$19,CAMPIONATO!$AM$27,CAMPIONATO!$AN$32) -> 0 | I36: =SUM(CAMPIONATO!$F$4,CAMPIONATO!$E$11,CAMPIONATO!$F$20,CAMPIONATO!$E$28,CAMPIONATO!$F$33,CAMPIONATO!$E$39,CAMPIONATO!$F$47,CAMPIONATO!$P$4,CAMPIONATO!$O$11,CAMPIONATO!$P$20,CAMPIONATO!$O$28,CAMPIONATO!$P$33,CAMPIONATO!$O$39,CAMPIONATO!$P$47,CAMPIONATO!$AD$4,CAMPIONATO!$AC$11,CAMPIONATO!$AD$20,CAMPIONATO!$AC$28,CAMPIONATO!$AD$33,CAMPIONATO!$AC$39,CAMPIONATO!$AD$47,CAMPIONATO!$AN$4,CAMPIONATO!$AM$11,CAMPIONATO!$AN$20,CAMPIONATO!$AM$28,CAMPIONATO!$AN$33) -> 0 | J36: =SUM(CAMPIONATO!$E$4,CAMPIONATO!$F$14,CAMPIONATO!$F$21,CAMPIONATO!$E$25,CAMPIONATO!$F$34,CAMPIONATO!$E$40,CAMPIONATO!$F$48,CAMPIONATO!$O$4,CAMPIONATO!$P$14,CAMPIONATO!$P$21,CAMPIONATO!$O$25,CAMPIONATO!$P$34,CAMPIONATO!$O$40,CAMPIONATO!$P$48,CAMPIONATO!$AC$4,CAMPIONATO!$AD$14,CAMPIONATO!$AD$21,CAMPIONATO!$AC$25,CAMPIONATO!$AD$34,CAMPIONATO!$AC$40,CAMPIONATO!$AD$48,CAMPIONATO!$AM$4,CAMPIONATO!$AN$14,CAMPIONATO!$AN$21,CAMPIONATO!$AM$25,CAMPIONATO!$AN$34) -> 0 | K36: =SUM(CAMPIONATO!$F$6,CAMPIONATO!$F$11,CAMPIONATO!$E$21,CAMPIONATO!$E$26,CAMPIONATO!$F$35,CAMPIONATO!$E$42,CAMPIONATO!$F$46,CAMPIONATO!$P$6,CAMPIONATO!$P$11,CAMPIONATO!$O$21,CAMPIONATO!$O$26,CAMPIONATO!$P$35,CAMPIONATO!$O$42,CAMPIONATO!$P$46,CAMPIONATO!$AD$6,CAMPIONATO!$AD$11,CAMPIONATO!$AC$21,CAMPIONATO!$AC$26,CAMPIONATO!$AD$35,CAMPIONATO!$AC$42,CAMPIONATO!$AD$46,CAMPIONATO!$AN$6,CAMPIONATO!$AN$11,CAMPIONATO!$AM$21,CAMPIONATO!$AM$26,CAMPIONATO!$AN$35) -> 0
C37: 27 | D37: =SUM(CAMPIONATO!$E$7,CAMPIONATO!$F$12,CAMPIONATO!$E$20,CAMPIONATO!$F$25,CAMPIONATO!$E$35,CAMPIONATO!$E$41,CAMPIONATO!$F$49,CAMPIONATO!$O$7,CAMPIONATO!$P$12,CAMPIONATO!$O$20,CAMPIONATO!$P$25,CAMPIONATO!$O$35,CAMPIONATO!$O$41,CAMPIONATO!$P$49,CAMPIONATO!$AC$7,CAMPIONATO!$AD$12,CAMPIONATO!$AC$20,CAMPIONATO!$AD$25,CAMPIONATO!$AC$35,CAMPIONATO!$AC$41,CAMPIONATO!$AD$49,CAMPIONATO!$AM$7,CAMPIONATO!$AN$12,CAMPIONATO!$AM$20,CAMPIONATO!$AN$25,CAMPIONATO!$AM$35,CAMPIONATO!$AM$41) -> 0 | E37: =SUM(CAMPIONATO!$E$6,CAMPIONATO!$F$13,CAMPIONATO!$E$18,CAMPIONATO!$F$27,CAMPIONATO!$E$33,CAMPIONATO!$F$41,CAMPIONATO!$E$48,CAMPIONATO!$O$6,CAMPIONATO!$P$13,CAMPIONATO!$O$18,CAMPIONATO!$P$27,CAMPIONATO!$O$33,CAMPIONATO!$P$41,CAMPIONATO!$O$48,CAMPIONATO!$AC$6,CAMPIONATO!$AD$13,CAMPIONATO!$AC$18,CAMPIONATO!$AD$27,CAMPIONATO!$AC$33,CAMPIONATO!$AD$41,CAMPIONATO!$AC$48,CAMPIONATO!$AM$6,CAMPIONATO!$AN$13,CAMPIONATO!$AM$18,CAMPIONATO!$AN$27,CAMPIONATO!$AM$33,CAMPIONATO!$AN$41) -> 0 | F37: =SUM(CAMPIONATO!$F$5,CAMPIONATO!$E$13,CAMPIONATO!$E$19,CAMPIONATO!$F$28,CAMPIONATO!$E$34,CAMPIONATO!$F$42,CAMPIONATO!$E$49,CAMPIONATO!$P$5,CAMPIONATO!$O$13,CAMPIONATO!$O$19,CAMPIONATO!$P$28,CAMPIONATO!$O$34,CAMPIONATO!$P$42,CAMPIONATO!$O$49,CAMPIONATO!$AD$5,CAMPIONATO!$AC$13,CAMPIONATO!$AC$19,CAMPIONATO!$AD$28,CAMPIONATO!$AC$34,CAMPIONATO!$AD$42,CAMPIONATO!$AC$49,CAMPIONATO!$AN$5,CAMPIONATO!$AM$13,CAMPIONATO!$AM$19,CAMPIONATO!$AN$28,CAMPIONATO!$AM$34,CAMPIONATO!$AN$42) -> 0 | G37: =SUM(CAMPIONATO!$E$5,CAMPIONATO!$E$12,CAMPIONATO!$F$18,CAMPIONATO!$F$26,CAMPIONATO!$E$32,CAMPIONATO!$F$40,CAMPIONATO!$E$47,CAMPIONATO!$O$5,CAMPIONATO!$O$12,CAMPIONATO!$P$18,CAMPIONATO!$P$26,CAMPIONATO!$O$32,CAMPIONATO!$P$40,CAMPIONATO!$O$47,CAMPIONATO!$AC$5,CAMPIONATO!$AC$12,CAMPIONATO!$AD$18,CAMPIONATO!$AD$26,CAMPIONATO!$AC$32,CAMPIONATO!$AD$40,CAMPIONATO!$AC$47,CAMPIONATO!$AM$5,CAMPIONATO!$AM$12,CAMPIONATO!$AN$18,CAMPIONATO!$AN$26,CAMPIONATO!$AM$32,CAMPIONATO!$AN$40) -> 0 | H37: =SUM(CAMPIONATO!$F$7,CAMPIONATO!$E$14,CAMPIONATO!$F$19,CAMPIONATO!$E$27,CAMPIONATO!$F$32,CAMPIONATO!$F$39,CAMPIONATO!$E$46,CAMPIONATO!$P$7,CAMPIONATO!$O$14,CAMPIONATO!$P$19,CAMPIONATO!$O$27,CAMPIONATO!$P$32,CAMPIONATO!$P$39,CAMPIONATO!$O$46,CAMPIONATO!$AD$7,CAMPIONATO!$AC$14,CAMPIONATO!$AD$19,CAMPIONATO!$AC$27,CAMPIONATO!$AD$32,CAMPIONATO!$AD$39,CAMPIONATO!$AC$46,CAMPIONATO!$AN$7,CAMPIONATO!$AM$14,CAMPIONATO!$AN$19,CAMPIONATO!$AM$27,CAMPIONATO!$AN$32,CAMPIONATO!$AN$39) -> 0 | I37: =SUM(CAMPIONATO!$F$4,CAMPIONATO!$E$11,CAMPIONATO!$F$20,CAMPIONATO!$E$28,CAMPIONATO!$F$33,CAMPIONATO!$E$39,CAMPIONATO!$F$47,CAMPIONATO!$P$4,CAMPIONATO!$O$11,CAMPIONATO!$P$20,CAMPIONATO!$O$28,CAMPIONATO!$P$33,CAMPIONATO!$O$39,CAMPIONATO!$P$47,CAMPIONATO!$AD$4,CAMPIONATO!$AC$11,CAMPIONATO!$AD$20,CAMPIONATO!$AC$28,CAMPIONATO!$AD$33,CAMPIONATO!$AC$39,CAMPIONATO!$AD$47,CAMPIONATO!$AN$4,CAMPIONATO!$AM$11,CAMPIONATO!$AN$20,CAMPIONATO!$AM$28,CAMPIONATO!$AN$33,CAMPIONATO!$AM$39) -> 0 | J37: =SUM(CAMPIONATO!$E$4,CAMPIONATO!$F$14,CAMPIONATO!$F$21,CAMPIONATO!$E$25,CAMPIONATO!$F$34,CAMPIONATO!$E$40,CAMPIONATO!$F$48,CAMPIONATO!$O$4,CAMPIONATO!$P$14,CAMPIONATO!$P$21,CAMPIONATO!$O$25,CAMPIONATO!$P$34,CAMPIONATO!$O$40,CAMPIONATO!$P$48,CAMPIONATO!$AC$4,CAMPIONATO!$AD$14,CAMPIONATO!$AD$21,CAMPIONATO!$AC$25,CAMPIONATO!$AD$34,CAMPIONATO!$AC$40,CAMPIONATO!$AD$48,CAMPIONATO!$AM$4,CAMPIONATO!$AN$14,CAMPIONATO!$AN$21,CAMPIONATO!$AM$25,CAMPIONATO!$AN$34,CAMPIONATO!$AM$40) -> 0 | K37: =SUM(CAMPIONATO!$F$6,CAMPIONATO!$F$11,CAMPIONATO!$E$21,CAMPIONATO!$E$26,CAMPIONATO!$F$35,CAMPIONATO!$E$42,CAMPIONATO!$F$46,CAMPIONATO!$P$6,CAMPIONATO!$P$11,CAMPIONATO!$O$21,CAMPIONATO!$O$26,CAMPIONATO!$P$35,CAMPIONATO!$O$42,CAMPIONATO!$P$46,CAMPIONATO!$AD$6,CAMPIONATO!$AD$11,CAMPIONATO!$AC$21,CAMPIONATO!$AC$26,CAMPIONATO!$AD$35,CAMPIONATO!$AC$42,CAMPIONATO!$AD$46,CAMPIONATO!$AN$6,CAMPIONATO!$AN$11,CAMPIONATO!$AM$21,CAMPIONATO!$AM$26,CAMPIONATO!$AN$35,CAMPIONATO!$AM$42) -> 0
C38: 28 | D38: =SUM(CAMPIONATO!$E$7,CAMPIONATO!$F$12,CAMPIONATO!$E$20,CAMPIONATO!$F$25,CAMPIONATO!$E$35,CAMPIONATO!$E$41,CAMPIONATO!$F$49,CAMPIONATO!$O$7,CAMPIONATO!$P$12,CAMPIONATO!$O$20,CAMPIONATO!$P$25,CAMPIONATO!$O$35,CAMPIONATO!$O$41,CAMPIONATO!$P$49,CAMPIONATO!$AC$7,CAMPIONATO!$AD$12,CAMPIONATO!$AC$20,CAMPIONATO!$AD$25,CAMPIONATO!$AC$35,CAMPIONATO!$AC$41,CAMPIONATO!$AD$49,CAMPIONATO!$AM$7,CAMPIONATO!$AN$12,CAMPIONATO!$AM$20,CAMPIONATO!$AN$25,CAMPIONATO!$AM$35,CAMPIONATO!$AM$41,CAMPIONATO!$AN$49) -> 0 | E38: =SUM(CAMPIONATO!$E$6,CAMPIONATO!$F$13,CAMPIONATO!$E$18,CAMPIONATO!$F$27,CAMPIONATO!$E$33,CAMPIONATO!$F$41,CAMPIONATO!$E$48,CAMPIONATO!$O$6,CAMPIONATO!$P$13,CAMPIONATO!$O$18,CAMPIONATO!$P$27,CAMPIONATO!$O$33,CAMPIONATO!$P$41,CAMPIONATO!$O$48,CAMPIONATO!$AC$6,CAMPIONATO!$AD$13,CAMPIONATO!$AC$18,CAMPIONATO!$AD$27,CAMPIONATO!$AC$33,CAMPIONATO!$AD$41,CAMPIONATO!$AC$48,CAMPIONATO!$AM$6,CAMPIONATO!$AN$13,CAMPIONATO!$AM$18,CAMPIONATO!$AN$27,CAMPIONATO!$AM$33,CAMPIONATO!$AN$41,CAMPIONATO!$AM$48) -> 0 | F38: =SUM(CAMPIONATO!$F$5,CAMPIONATO!$E$13,CAMPIONATO!$E$19,CAMPIONATO!$F$28,CAMPIONATO!$E$34,CAMPIONATO!$F$42,CAMPIONATO!$E$49,CAMPIONATO!$P$5,CAMPIONATO!$O$13,CAMPIONATO!$O$19,CAMPIONATO!$P$28,CAMPIONATO!$O$34,CAMPIONATO!$P$42,CAMPIONATO!$O$49,CAMPIONATO!$AD$5,CAMPIONATO!$AC$13,CAMPIONATO!$AC$19,CAMPIONATO!$AD$28,CAMPIONATO!$AC$34,CAMPIONATO!$AD$42,CAMPIONATO!$AC$49,CAMPIONATO!$AN$5,CAMPIONATO!$AM$13,CAMPIONATO!$AM$19,CAMPIONATO!$AN$28,CAMPIONATO!$AM$34,CAMPIONATO!$AN$42,CAMPIONATO!$AM$49) -> 0 | G38: =SUM(CAMPIONATO!$E$5,CAMPIONATO!$E$12,CAMPIONATO!$F$18,CAMPIONATO!$F$26,CAMPIONATO!$E$32,CAMPIONATO!$F$40,CAMPIONATO!$E$47,CAMPIONATO!$O$5,CAMPIONATO!$O$12,CAMPIONATO!$P$18,CAMPIONATO!$P$26,CAMPIONATO!$O$32,CAMPIONATO!$P$40,CAMPIONATO!$O$47,CAMPIONATO!$AC$5,CAMPIONATO!$AC$12,CAMPIONATO!$AD$18,CAMPIONATO!$AD$26,CAMPIONATO!$AC$32,CAMPIONATO!$AD$40,CAMPIONATO!$AC$47,CAMPIONATO!$AM$5,CAMPIONATO!$AM$12,CAMPIONATO!$AN$18,CAMPIONATO!$AN$26,CAMPIONATO!$AM$32,CAMPIONATO!$AN$40,CAMPIONATO!$AM$47) -> 0 | H38: =SUM(CAMPIONATO!$F$7,CAMPIONATO!$E$14,CAMPIONATO!$F$19,CAMPIONATO!$E$27,CAMPIONATO!$F$32,CAMPIONATO!$F$39,CAMPIONATO!$E$46,CAMPIONATO!$P$7,CAMPIONATO!$O$14,CAMPIONATO!$P$19,CAMPIONATO!$O$27,CAMPIONATO!$P$32,CAMPIONATO!$P$39,CAMPIONATO!$O$46,CAMPIONATO!$AD$7,CAMPIONATO!$AC$14,CAMPIONATO!$AD$19,CAMPIONATO!$AC$27,CAMPIONATO!$AD$32,CAMPIONATO!$AD$39,CAMPIONATO!$AC$46,CAMPIONATO!$AN$7,CAMPIONATO!$AM$14,CAMPIONATO!$AN$19,CAMPIONATO!$AM$27,CAMPIONATO!$AN$32,CAMPIONATO!$AN$39,CAMPIONATO!$AM$46) -> 0 | I38: =SUM(CAMPIONATO!$F$4,CAMPIONATO!$E$11,CAMPIONATO!$F$20,CAMPIONATO!$E$28,CAMPIONATO!$F$33,CAMPIONATO!$E$39,CAMPIONATO!$F$47,CAMPIONATO!$P$4,CAMPIONATO!$O$11,CAMPIONATO!$P$20,CAMPIONATO!$O$28,CAMPIONATO!$P$33,CAMPIONATO!$O$39,CAMPIONATO!$P$47,CAMPIONATO!$AD$4,CAMPIONATO!$AC$11,CAMPIONATO!$AD$20,CAMPIONATO!$AC$28,CAMPIONATO!$AD$33,CAMPIONATO!$AC$39,CAMPIONATO!$AD$47,CAMPIONATO!$AN$4,CAMPIONATO!$AM$11,CAMPIONATO!$AN$20,CAMPIONATO!$AM$28,CAMPIONATO!$AN$33,CAMPIONATO!$AM$39,CAMPIONATO!$AN$47) -> 0 | J38: =SUM(CAMPIONATO!$E$4,CAMPIONATO!$F$14,CAMPIONATO!$F$21,CAMPIONATO!$E$25,CAMPIONATO!$F$34,CAMPIONATO!$E$40,CAMPIONATO!$F$48,CAMPIONATO!$O$4,CAMPIONATO!$P$14,CAMPIONATO!$P$21,CAMPIONATO!$O$25,CAMPIONATO!$P$34,CAMPIONATO!$O$40,CAMPIONATO!$P$48,CAMPIONATO!$AC$4,CAMPIONATO!$AD$14,CAMPIONATO!$AD$21,CAMPIONATO!$AC$25,CAMPIONATO!$AD$34,CAMPIONATO!$AC$40,CAMPIONATO!$AD$48,CAMPIONATO!$AM$4,CAMPIONATO!$AN$14,CAMPIONATO!$AN$21,CAMPIONATO!$AM$25,CAMPIONATO!$AN$34,CAMPIONATO!$AM$40,CAMPIONATO!$AN$48) -> 0 | K38: =SUM(CAMPIONATO!$F$6,CAMPIONATO!$F$11,CAMPIONATO!$E$21,CAMPIONATO!$E$26,CAMPIONATO!$F$35,CAMPIONATO!$E$42,CAMPIONATO!$F$46,CAMPIONATO!$P$6,CAMPIONATO!$P$11,CAMPIONATO!$O$21,CAMPIONATO!$O$26,CAMPIONATO!$P$35,CAMPIONATO!$O$42,CAMPIONATO!$P$46,CAMPIONATO!$AD$6,CAMPIONATO!$AD$11,CAMPIONATO!$AC$21,CAMPIONATO!$AC$26,CAMPIONATO!$AD$35,CAMPIONATO!$AC$42,CAMPIONATO!$AD$46,CAMPIONATO!$AN$6,CAMPIONATO!$AN$11,CAMPIONATO!$AM$21,CAMPIONATO!$AM$26,CAMPIONATO!$AN$35,CAMPIONATO!$AM$42,CAMPIONATO!$AN$46) -> 0

Sheet Rose Iniziali
B1: Rose Iniziali
A3: Kr. Prec. | B3: 106 | E3: 105 | H3: 143 | K3: 48 | N3: 17 | Q3: 80 | T3: 47 | W3: 29 | Y3: KR
B4: VINCENZO | E4: RICCARDO | H4: DANIELE | K4: DARIO | N4: FABRIZIO | Q4: ENRICO | T4: EUGENIO | W4: MOLINA
A6: Kr. Iniz. | B6: =$A$37+B3 -> 406 | C6: Sq. | D6: KR | E6: =$A$37+E3 -> 405 | F6: Sq. | G6: KR | H6: =$A$37+H3 -> 443 | I6: Sq. | J6: KR | K6: =$A$37+K3 -> 348 | L6: Sq. | M6: KR | N6: =$A$37+N3 -> 317 | O6: Sq. | P6: KR | Q6: =$A$37+Q3 -> 380 | R6: Sq. | S6: KR | T6: =$A$37+T3 -> 347 | U6: Sq. | V6: KR | W6: =$A$37+W3 -> 329 | X6: Sq. | Y6: KR
D7: SPESI | G7: SPESI | J7: SPESI | M7: SPESI | P7: SPESI | S7: SPESI | V7: SPESI | Y7: SPESI
A8: por. | B8: Meret | D8: 35 | E8: Butez | G8: 19 | H8: Falcone | J8: 2 | K8: Maignan | M8: 35 | N8: Carnesecchi | P8: 30 | Q8: Svilar | S8: 36 | T8: Palmisani | V8: 1 | W8: Vicario | Y8: 22
B9: Milinkovic-Savic V. | D9: 1 | E9: Sanchez Ro. | G9: 1 | H9: Martinez Jo. | J9: 29 | K9: Torriani | M9: 1 | N9: Skorupski | P9: 1 | Q9: gollini | S9: 1 | T9: Mandas | V9: 20 | W9: Grabara | Y9: 1
B10: Muric | D10: 1 | E10: Caprile | G10: 1 | H10: provedel | J10: 3 | K10: de gea | M10: 1 | N10: sportiello | P10: 1 | Q10: perri | S10: 1 | T10: Motta | V10: 1 | W10: Okoye | Y10: 2
A11: dif. | B11: Hermoso | D11: 2 | E11: N'dicka | G11: 5 | H11: Bremer | J11: 3 | K11: Bissk | L11: int. | M11: 1 | N11: Solet | P11: 1 | Q11: di marco | S11: 26 | T11: Mussolini | U11: Laz. | V11: 1 | W11: Valeri | Y11: 1
B12: comuzzo | D12: 2 | E12: pavlovic | G12: 8 | H12: kalulu | J12: 4 | K12: Molina | M12: 10 | N12: Gila | P12: 3 | Q12: Bragaglia | S12: 1 | T12: doig | V12: 1 | W12: lucumi | Y12: 1
B13: Ramon | D13: 6 | E13: Di lorenzo | G13: 6 | H13: Wesley | I13: Rom | J13: 10 | K13: Ostilgard | M13: 6 | N13: Provstgaard | P13: 1 | Q13: Obert | S13: 1 | T13: zappacosta | V13: 2 | W13: Mina | Y13: 1
B14: Beukema | D14: 1 | E14: Chalobah T. | G14: 6 | H14: Monterisi | J14: 1 | K14: Akanji | M14: 2 | N14: Holm | P14: 1 | Q14: spinazzola | S14: 1 | T14: Kossounou | V14: 1 | W14: lulli | Y14: 1
B15: Rrahmani | D15: 7 | E15: Mancini | G15: 9 | H15: Bastoni | J15: 8 | K15: Diego Carlos | M15: 1 | N15: Theate | P15: 1 | Q15: gatti | S15: 2 | T15: Vojvoda | V15: 1 | W15: kelly | Y15: 1
B16: scalvini | D16: 3 | E16: celik | G16: 1 | H16: Delprato | J16: 3 | K16: couto | M16: 1 | N16: joao mario | P16: 1 | Q16: kolasinac | R16: ata | S16: 1 | T16: Bellanova | V16: 1 | W16: carlos augusto | Y16: 1
B17: Marin R. | D17: 1 | E17: Valle | G17: 1 | H17: Vasquez | J17: 1 | K17: Spence | M17: 1 | N17: veiga | O17: lec | P17: 1 | Q17: Stones | S17: 1 | T17: sutalo | V17: 1 | W17: zorotea | Y17: 1
B18: Dragusin | D18: 1 | E18: tomori | G18: 1 | H18: de winter | J18: 1 | K18: Balerdi | M18: 1 | N18: valdepenas | O18: fio | P18: 1 | Q18: bartesaghi | S18: 1 | T18: Tavares N | V18: 1 | W18: kamara | Y18: 1
A19: cen. | B19: de bruin | D19: 36 | E19: kone | G19: 15 | H19: rovella | J19: 2 | K19: Ederson | L19: ata | M19: 1 | N19: fazzini | P19: 1 | Q19: mandragora | S19: 2 | T19: Calhanoglu | U19: Int | V19: 16 | W19: anguissa | Y19: 2
B20: mcKanny | D20: 4 | E20: pisilli | G20: 1 | H20: Cristante | J20: 3 | K20: locatelli | L20: juv | M20: 1 | N20: atta | P20: 1 | Q20: Teylor | S20: 9 | T20: Nico Paz | U20: Com. | V20: 46 | W20: barella | Y20: 2
B21: Ekkelenkamp | D21: 4 | E21: Rabiot | G21: 25 | H21: Bernabè | J21: 4 | K21: Conceicao | M21: 13 | N21: Isaksen | P21: 5 | Q21: Da Cunha | S21: 9 | T21: Orsolini | V21: 27 | W21: Adzic | Y21: 7
B22: Zielinski | D22: 20 | E22: Alajbegovic | G22: 1 | H22: Baldanzi | J22: 5 | K22: gaetano | M22: 1 | N22: Bernardeschi | P22: 5 | Q22: Cissè A. | S22: 20 | T22: frattesi | V22: 44 | W22: Baturina | Y22: 50
B23: kessie | D23: 2 | E23: Lobotka | G23: 1 | H23: Mora | J23: 14 | K23: McTominay | M23: 14 | N23: Goncalves P. | P23: 4 | Q23: vergara | S23: 18 | T23: zaniolo | V23: 11 | W23: volpato | Y23: 1
B24: Saelemaekers | D24: 4 | E24: Modric | G24: 3 | H24: Mastantuono | J24: 37 | K24: Cacciamani | M24: 1 | N24: Samardzic | P24: 3 | Q24: ferguson | S24: 1 | T24: jones C | V24: 1 | W24: Diouf | Y24: 1
B25: cambiaghi | D25: 3 | E25: politano | G25: 40 | H25: zaccagni | J25: 38 | K25: Vlasic | M25: 10 | N25: pulisic | P25: 16 | Q25: casadei | S25: 1 | T25: Thorstvedt | V25: 1 | W25: Sarr P. | Y25: 1
B26: perrone | D26: 2 | E26: Gonzalez N. | G26: 31 | H26: Gudmundsson | J26: 15 | K26: calò | M26: 1 | N26: rowe | P26: 17 | Q26: Romano | S26: 1 | T26: Schmid | V26: 1 | W26: Chukwueze | Y26: 1
A27: att. | B27: hojund | D27: 82 | E27: De Ketelaere | F27: Ata | G27: 29 | H27: pinamonti | J27: 38 | K27: Ramos G. | M27: 57 | N27: Douvikas | P27: 1 | Q27: Pio Esposito | S27: 1 | T27: Soule | U27: Rom. | V27: 35 | W27: Martinez L | Y27: 144
B28: Davis K. | D28: 45 | E28: Berardi | G28: 12 | H28: Kolo Muani | J28: 31 | K28: Diao | M28: 60 | N28: Kean | P28: 72 | Q28: Malen | S28: 160 | T28: Raimondo | V28: 43 | W28: Dovbyk | Y28: 5
B29: Santos A. | D29: 40 | E29: Yildiz | G29: 3 | H29: Woltemade | J29: 29 | K29: Thuram | M29: 90 | N29: scamacca | P29: 30 | Q29: Raspadori | S29: 5 | T29: Varela | V29: 7 | W29: Beto | Y29: 1
B30: Maldini | D30: 1 | E30: Dybala | G30: 63 | H30: Kvernadze | J30: 1 | K30: Vitinha O. | M30: 1 | N30: adams | P30: 42 | Q30: Krstovic | S30: 41 | T30: Laurientè | V30: 16 | W30: piccoli | Y30: 8
B31: simeone | D31: 41 | E31: castro | G31: 36 | H31: Ghedjemis | J31: 1 | K31: Tourè E. | M31: 1 | N31: Romero D. | P31: 1 | Q31: Camarda | S31: 1 | T31: Esposito s. | V31: 2 | W31: lontani | Y31: 1
B32: lucca | D32: 1 | E32: boga | G32: 5 | H32: colombo | J32: 27 | K32: Kevin Carlos | M32: 1 | N32: Pellegrino M. | P32: 45 | Q32: Yeboah J. | S32: 1 | T32: Kieron Bowie | V32: 1 | W32: bonny | Y32: 8
A33: TOT. SPESA | D33: =SUM(D8:D32) -> 345 | G33: =SUM(G8:G32) -> 323 | J33: =SUM(J8:J32) -> 310 | M33: =SUM(M8:M32) -> 312 | P33: =SUM(P8:P32) -> 285 | S33: =SUM(S8:S32) -> 342 | V33: =SUM(V8:V32) -> 282 | Y33: =SUM(Y8:Y32) -> 265
A35: KR RESIDUI | D35: =B6-(D33-D34) -> 61 | G35: =E6-(G33-G34) -> 82 | J35: =H6-(J33-J34) -> 133 | M35: =K6-(M33-M34) -> 36 | P35: =N6-(P33-P34) -> 32 | S35: =Q6-(S33-S34) -> 38 | V35: =T6-(V33-V34) -> 65 | Y35: =W6-(Y33-Y34) -> 64
A37: 300 | B37: QUELLI IN ROSSO SONO I CONFERMATI DALL'ANNO PASSATO,QUINDI NON POSSONO ESSERE CONFERMATI PER IL PROSSIMO FANTACALCIO

Sheet Rose Modificate
B1: Rose Modificate
A3: Kr. Prec. | B3: ='Rose Iniziali'!B3 -> 106 | D3: KR | E3: ='Rose Iniziali'!E3 -> 105 | G3: KR | H3: ='Rose Iniziali'!H3 -> 143 | J3: KR | K3: ='Rose Iniziali'!K3 -> 48 | M3: KR | N3: ='Rose Iniziali'!N3 -> 17 | P3: KR | Q3: ='Rose Iniziali'!Q3 -> 80 | S3: KR | T3: ='Rose Iniziali'!T3 -> 47 | V3: KR | W3: 12 | Y3: KR
B4: ='Rose Iniziali'!B4 -> VINCENZO | E4: ='Rose Iniziali'!E4 -> RICCARDO | H4: ='Rose Iniziali'!H4 -> DANIELE | K4: ='Rose Iniziali'!K4 -> DARIO | N4: ='Rose Iniziali'!N4 -> FABRIZIO | Q4: ='Rose Iniziali'!Q4 -> ENRICO | T4: ='Rose Iniziali'!T4 -> EUGENIO | W4: ='Rose Iniziali'!W4 -> MOLINA
A6: Kr. Iniz. | B6: =$A$55+B3 -> 406 | C6: Sq. | D6: KR | E6: =$A$55+E3 -> 405 | F6: Sq. | G6: KR | H6: =$A$55+H3 -> 443 | I6: Sq. | J6: KR | K6: =$A$55+K3 -> 348 | L6: Sq. | M6: KR | N6: =$A$55+N3 -> 317 | O6: Sq. | P6: KR | Q6: =$A$55+Q3 -> 380 | R6: Sq. | S6: KR | T6: =$A$55+T3 -> 347 | U6: Sq. | V6: KR | W6: =$A$55+W3 -> 312 | X6: Sq. | Y6: KR
D7: SPESI | G7: SPESI | J7: SPESI | M7: SPESI | P7: SPESI | S7: SPESI | V7: SPESI | Y7: SPESI
A8: por. | B8: ='Rose Iniziali'!B8 -> Meret | C8: ='Rose Iniziali'!C8 -> 0 | D8: ='Rose Iniziali'!D8 -> 35 | E8: ='Rose Iniziali'!E8 -> Butez | F8: ='Rose Iniziali'!F8 -> 0 | G8: ='Rose Iniziali'!G8 -> 19 | H8: ='Rose Iniziali'!H8 -> Falcone | I8: ='Rose Iniziali'!I8 -> 0 | ... Y8: ='Rose Iniziali'!Y8 -> 22
B9: ='Rose Iniziali'!B9 -> Milinkovic-Savic V. | C9: ='Rose Iniziali'!C9 -> 0 | D9: ='Rose Iniziali'!D9 -> 1 | E9: ='Rose Iniziali'!E9 -> Sanchez Ro. | F9: ='Rose Iniziali'!F9 -> 0 | G9: ='Rose Iniziali'!G9 -> 1 | H9: ='Rose Iniziali'!H9 -> Martinez Jo. | I9: ='Rose Iniziali'!I9 -> 0 | ... Y9: ='Rose Iniziali'!Y9 -> 1
B10: ='Rose Iniziali'!B10 -> Muric | C10: ='Rose Iniziali'!C10 -> 0 | D10: ='Rose Iniziali'!D10 -> 1 | E10: ='Rose Iniziali'!E10 -> Caprile | F10: ='Rose Iniziali'!F10 -> 0 | G10: ='Rose Iniziali'!G10 -> 1 | H10: ='Rose Iniziali'!H10 -> provedel | I10: ='Rose Iniziali'!I10 -> 0 | ... Y10: ='Rose Iniziali'!Y10 -> 2
A14: dif. | B14: ='Rose Iniziali'!B11 -> Hermoso | C14: ='Rose Iniziali'!C11 -> 0 | D14: ='Rose Iniziali'!D11 -> 2 | E14: ='Rose Iniziali'!E11 -> N'dicka | F14: ='Rose Iniziali'!F11 -> 0 | G14: ='Rose Iniziali'!G11 -> 5 | H14: ='Rose Iniziali'!H11 -> Bremer | I14: ='Rose Iniziali'!I11 -> 0 | ... Y14: ='Rose Iniziali'!Y11 -> 1
B15: ='Rose Iniziali'!B12 -> comuzzo | C15: ='Rose Iniziali'!C12 -> 0 | D15: ='Rose Iniziali'!D12 -> 2 | E15: ='Rose Iniziali'!E12 -> pavlovic | F15: ='Rose Iniziali'!F12 -> 0 | G15: ='Rose Iniziali'!G12 -> 8 | H15: ='Rose Iniziali'!H12 -> kalulu | I15: ='Rose Iniziali'!I12 -> 0 | ... M15: ='Rose Iniziali'!M12 -> 10 | N15: ='Rose Iniziali'!N19 -> fazzini | O15: ='Rose Iniziali'!O19 -> 0 | P15: ='Rose Iniziali'!P19 -> 1 | Q15: ='Rose Iniziali'!Q12 -> Bragaglia | R15: ='Rose Iniziali'!R12 -> 0 | S15: ='Rose Iniziali'!S12 -> 1 | T15: ='Rose Iniziali'!T12 -> doig | U15: ='Rose Iniziali'!U12 -> 0 | V15: ='Rose Iniziali'!V12 -> 1 | W15: ='Rose Iniziali'!W12 -> lucumi | X15: ='Rose Iniziali'!X12 -> 0 | Y15: ='Rose Iniziali'!Y12 -> 1
B16: ='Rose Iniziali'!B13 -> Ramon | C16: ='Rose Iniziali'!C13 -> 0 | D16: ='Rose Iniziali'!D13 -> 6 | E16: ='Rose Iniziali'!E13 -> Di lorenzo | F16: ='Rose Iniziali'!F13 -> 0 | G16: ='Rose Iniziali'!G13 -> 6 | H16: ='Rose Iniziali'!H13 -> Wesley | I16: ='Rose Iniziali'!I13 -> Rom | ... M16: ='Rose Iniziali'!M13 -> 6 | N16: ='Rose Iniziali'!N12 -> Gila | O16: ='Rose Iniziali'!O12 -> 0 | P16: ='Rose Iniziali'!P12 -> 3 | Q16: ='Rose Iniziali'!Q13 -> Obert | R16: ='Rose Iniziali'!R13 -> 0 | S16: ='Rose Iniziali'!S13 -> 1 | T16: ='Rose Iniziali'!T13 -> zappacosta | U16: ='Rose Iniziali'!U13 -> 0 | V16: ='Rose Iniziali'!V13 -> 2 | W16: ='Rose Iniziali'!W13 -> Mina | X16: ='Rose Iniziali'!X13 -> 0 | Y16: ='Rose Iniziali'!Y13 -> 1
B17: ='Rose Iniziali'!B14 -> Beukema | C17: ='Rose Iniziali'!C14 -> 0 | D17: ='Rose Iniziali'!D14 -> 1 | E17: ='Rose Iniziali'!E14 -> Chalobah T. | F17: ='Rose Iniziali'!F14 -> 0 | G17: ='Rose Iniziali'!G14 -> 6 | H17: ='Rose Iniziali'!H14 -> Monterisi | I17: ='Rose Iniziali'!I14 -> 0 | ... Y17: ='Rose Iniziali'!Y14 -> 1
B18: ='Rose Iniziali'!B15 -> Rrahmani | C18: ='Rose Iniziali'!C15 -> 0 | D18: ='Rose Iniziali'!D15 -> 7 | E18: ='Rose Iniziali'!E15 -> Mancini | F18: ='Rose Iniziali'!F15 -> 0 | G18: ='Rose Iniziali'!G15 -> 9 | H18: ='Rose Iniziali'!H15 -> Bastoni | I18: ='Rose Iniziali'!I15 -> 0 | ... Y18: ='Rose Iniziali'!Y15 -> 1
B19: ='Rose Iniziali'!B16 -> scalvini | C19: ='Rose Iniziali'!C16 -> 0 | D19: ='Rose Iniziali'!D16 -> 3 | E19: ='Rose Iniziali'!E16 -> celik | F19: ='Rose Iniziali'!F16 -> 0 | G19: ='Rose Iniziali'!G16 -> 1 | H19: ='Rose Iniziali'!H16 -> Delprato | I19: ='Rose Iniziali'!I16 -> 0 | ... Y19: ='Rose Iniziali'!Y16 -> 1
B20: ='Rose Iniziali'!B17 -> Marin R. | C20: ='Rose Iniziali'!C17 -> 0 | D20: ='Rose Iniziali'!D17 -> 1 | E20: ='Rose Iniziali'!E17 -> Valle | F20: ='Rose Iniziali'!F17 -> 0 | G20: ='Rose Iniziali'!G17 -> 1 | H20: ='Rose Iniziali'!H17 -> Vasquez | I20: ='Rose Iniziali'!I17 -> 0 | J20: ='Rose Iniziali'!J17 -> 1 | K20: ='Rose Iniziali'!K23 -> McTominay | L20: ='Rose Iniziali'!L23 -> 0 | M20: ='Rose Iniziali'!M23 -> 14 | N20: ='Rose Iniziali'!N17 -> veiga | O20: ='Rose Iniziali'!O17 -> lec | P20: ='Rose Iniziali'!P17 -> 1 | Q20: ='Rose Iniziali'!Q17 -> Stones | R20: ='Rose Iniziali'!R17 -> 0 | S20: ='Rose Iniziali'!S17 -> 1 | T20: ='Rose Iniziali'!T17 -> sutalo | U20: ='Rose Iniziali'!U17 -> 0 | ... Y20: ='Rose Iniziali'!Y17 -> 1
B21: ='Rose Iniziali'!B18 -> Dragusin | C21: ='Rose Iniziali'!C18 -> 0 | D21: ='Rose Iniziali'!D18 -> 1 | E21: ='Rose Iniziali'!E18 -> tomori | F21: ='Rose Iniziali'!F18 -> 0 | G21: ='Rose Iniziali'!G18 -> 1 | H21: ='Rose Iniziali'!H18 -> de winter | I21: ='Rose Iniziali'!I18 -> 0 | ... Y21: ='Rose Iniziali'!Y18 -> 1
A27: cen. | B27: ='Rose Iniziali'!B19 -> de bruin | C27: ='Rose Iniziali'!C19 -> 0 | D27: ='Rose Iniziali'!D19 -> 36 | E27: ='Rose Iniziali'!E19 -> kone | F27: ='Rose Iniziali'!F19 -> 0 | G27: ='Rose Iniziali'!G19 -> 15 | H27: ='Rose Iniziali'!H19 -> rovella | I27: ='Rose Iniziali'!I19 -> 0 | ... M27: ='Rose Iniziali'!M19 -> 1 | N27: ='Rose Iniziali'!#REF! -> #REF! | O27: ='Rose Iniziali'!#REF! -> #REF! | P27: ='Rose Iniziali'!#REF! -> #REF! | Q27: ='Rose Iniziali'!Q19 -> mandragora | R27: ='Rose Iniziali'!R19 -> 0 | S27: ='Rose Iniziali'!S19 -> 2 | T27: ='Rose Iniziali'!T19 -> Calhanoglu | U27: ='Rose Iniziali'!U19 -> Int | V27: ='Rose Iniziali'!V19 -> 16 | W27: ='Rose Iniziali'!W19 -> anguissa | X27: ='Rose Iniziali'!X19 -> 0 | Y27: ='Rose Iniziali'!Y19 -> 2
B28: ='Rose Iniziali'!B20 -> mcKanny | C28: ='Rose Iniziali'!C20 -> 0 | D28: ='Rose Iniziali'!D20 -> 4 | E28: ='Rose Iniziali'!E20 -> pisilli | F28: ='Rose Iniziali'!F20 -> 0 | G28: ='Rose Iniziali'!G20 -> 1 | H28: ='Rose Iniziali'!H20 -> Cristante | I28: ='Rose Iniziali'!I20 -> 0 | ... Y28: ='Rose Iniziali'!Y20 -> 2
B29: ='Rose Iniziali'!B21 -> Ekkelenkamp | C29: ='Rose Iniziali'!C21 -> 0 | D29: ='Rose Iniziali'!D21 -> 4 | E29: ='Rose Iniziali'!E21 -> Rabiot | F29: ='Rose Iniziali'!F21 -> 0 | G29: ='Rose Iniziali'!G21 -> 25 | H29: ='Rose Iniziali'!H21 -> Bernabè | I29: ='Rose Iniziali'!I21 -> 0 | ... Y29: ='Rose Iniziali'!Y21 -> 7
B30: ='Rose Iniziali'!B22 -> Zielinski | C30: ='Rose Iniziali'!C22 -> 0 | D30: ='Rose Iniziali'!D22 -> 20 | E30: ='Rose Iniziali'!E22 -> Alajbegovic | F30: ='Rose Iniziali'!F22 -> 0 | G30: ='Rose Iniziali'!G22 -> 1 | H30: ='Rose Iniziali'!H22 -> Baldanzi | I30: ='Rose Iniziali'!I22 -> 0 | J30: ='Rose Iniziali'!J22 -> 5 | K30: ='Rose Iniziali'!K29 -> Thuram | L30: ='Rose Iniziali'!L29 -> 0 | M30: ='Rose Iniziali'!M29 -> 90 | N30: ='Rose Iniziali'!N22 -> Bernardeschi | O30: ='Rose Iniziali'!O22 -> 0 | P30: ='Rose Iniziali'!P22 -> 5 | Q30: ='Rose Iniziali'!Q22 -> Cissè A. | R30: ='Rose Iniziali'!R22 -> 0 | S30: ='Rose Iniziali'!S22 -> 20 | T30: ='Rose Iniziali'!T22 -> frattesi | U30: ='Rose Iniziali'!U22 -> 0 | ... Y30: ='Rose Iniziali'!Y22 -> 50
B31: ='Rose Iniziali'!B23 -> kessie | C31: ='Rose Iniziali'!C23 -> 0 | D31: ='Rose Iniziali'!D23 -> 2 | E31: ='Rose Iniziali'!E23 -> Lobotka | F31: ='Rose Iniziali'!F23 -> 0 | G31: ='Rose Iniziali'!G23 -> 1 | H31: ='Rose Iniziali'!H23 -> Mora | I31: ='Rose Iniziali'!I23 -> 0 | J31: ='Rose Iniziali'!J23 -> 14 | K31: ='Rose Iniziali'!#REF! -> #REF! | L31: ='Rose Iniziali'!#REF! -> #REF! | M31: ='Rose Iniziali'!#REF! -> #REF! | N31: ='Rose Iniziali'!N23 -> Goncalves P. | O31: ='Rose Iniziali'!O23 -> 0 | P31: ='Rose Iniziali'!P23 -> 4 | Q31: ='Rose Iniziali'!Q23 -> vergara | R31: ='Rose Iniziali'!R23 -> 0 | S31: ='Rose Iniziali'!S23 -> 18 | T31: ='Rose Iniziali'!T23 -> zaniolo | U31: ='Rose Iniziali'!U23 -> 0 | ... Y31: ='Rose Iniziali'!Y23 -> 1
B32: ='Rose Iniziali'!B24 -> Saelemaekers | C32: ='Rose Iniziali'!C24 -> 0 | D32: ='Rose Iniziali'!D24 -> 4 | E32: ='Rose Iniziali'!E24 -> Modric | F32: ='Rose Iniziali'!F24 -> 0 | G32: ='Rose Iniziali'!G24 -> 3 | H32: ='Rose Iniziali'!H24 -> Mastantuono | I32: ='Rose Iniziali'!I24 -> 0 | ... Y32: ='Rose Iniziali'!Y24 -> 1
B33: ='Rose Iniziali'!B25 -> cambiaghi | C33: ='Rose Iniziali'!C25 -> 0 | D33: ='Rose Iniziali'!D25 -> 3 | E33: ='Rose Iniziali'!E25 -> politano | F33: ='Rose Iniziali'!F25 -> 0 | G33: ='Rose Iniziali'!G25 -> 40 | H33: ='Rose Iniziali'!H25 -> zaccagni | I33: ='Rose Iniziali'!I25 -> 0 | ... Y33: ='Rose Iniziali'!Y25 -> 1
B34: ='Rose Iniziali'!B26 -> perrone | C34: ='Rose Iniziali'!C26 -> 0 | D34: ='Rose Iniziali'!D26 -> 2 | E34: ='Rose Iniziali'!E26 -> Gonzalez N. | F34: ='Rose Iniziali'!F26 -> 0 | G34: ='Rose Iniziali'!G26 -> 31 | H34: ='Rose Iniziali'!H26 -> Gudmundsson | I34: ='Rose Iniziali'!I26 -> 0 | ... Y34: ='Rose Iniziali'!Y26 -> 1
A40: att. | B40: ='Rose Iniziali'!B27 -> hojund | C40: ='Rose Iniziali'!C27 -> 0 | D40: ='Rose Iniziali'!D27 -> 82 | E40: ='Rose Iniziali'!E27 -> De Ketelaere | F40: ='Rose Iniziali'!F27 -> Ata | G40: ='Rose Iniziali'!G27 -> 29 | H40: ='Rose Iniziali'!H27 -> pinamonti | I40: ='Rose Iniziali'!I27 -> 0 | ... Y40: ='Rose Iniziali'!Y27 -> 144
B41: ='Rose Iniziali'!B28 -> Davis K. | C41: ='Rose Iniziali'!C28 -> 0 | D41: ='Rose Iniziali'!D28 -> 45 | E41: ='Rose Iniziali'!E28 -> Berardi | F41: ='Rose Iniziali'!F28 -> 0 | G41: ='Rose Iniziali'!G28 -> 12 | H41: ='Rose Iniziali'!H28 -> Kolo Muani | I41: ='Rose Iniziali'!I28 -> 0 | ... Y41: ='Rose Iniziali'!Y28 -> 5
B42: ='Rose Iniziali'!B29 -> Santos A. | C42: ='Rose Iniziali'!C29 -> 0 | D42: ='Rose Iniziali'!D29 -> 40 | E42: ='Rose Iniziali'!E29 -> Yildiz | F42: ='Rose Iniziali'!F29 -> 0 | G42: ='Rose Iniziali'!G29 -> 3 | H42: ='Rose Iniziali'!H29 -> Woltemade | I42: ='Rose Iniziali'!I29 -> 0 | J42: ='Rose Iniziali'!J29 -> 29 | K42: ='Rose Iniziali'!#REF! -> #REF! | L42: ='Rose Iniziali'!#REF! -> #REF! | M42: ='Rose Iniziali'!#REF! -> #REF! | N42: ='Rose Iniziali'!N29 -> scamacca | O42: ='Rose Iniziali'!O29 -> 0 | P42: ='Rose Iniziali'!P29 -> 30 | Q42: ='Rose Iniziali'!Q29 -> Raspadori | R42: ='Rose Iniziali'!R29 -> 0 | S42: ='Rose Iniziali'!S29 -> 5 | T42: ='Rose Iniziali'!T29 -> Varela | U42: ='Rose Iniziali'!U29 -> 0 | ... Y42: ='Rose Iniziali'!Y29 -> 1
B43: ='Rose Iniziali'!B30 -> Maldini | C43: ='Rose Iniziali'!C30 -> 0 | D43: ='Rose Iniziali'!D30 -> 1 | E43: ='Rose Iniziali'!E30 -> Dybala | F43: ='Rose Iniziali'!F30 -> 0 | G43: ='Rose Iniziali'!G30 -> 63 | H43: ='Rose Iniziali'!H30 -> Kvernadze | I43: ='Rose Iniziali'!I30 -> 0 | J43: ='Rose Iniziali'!J30 -> 1 | K43: ='Rose Iniziali'!#REF! -> #REF! | L43: ='Rose Iniziali'!L30 -> 0 | M43: ='Rose Iniziali'!M30 -> 1 | N43: ='Rose Iniziali'!N30 -> adams | O43: ='Rose Iniziali'!O30 -> 0 | P43: ='Rose Iniziali'!P30 -> 42 | Q43: ='Rose Iniziali'!Q30 -> Krstovic | R43: ='Rose Iniziali'!R30 -> 0 | S43: ='Rose Iniziali'!S30 -> 41 | ... Y43: ='Rose Iniziali'!Y30 -> 8
B44: ='Rose Iniziali'!B31 -> simeone | C44: ='Rose Iniziali'!C31 -> 0 | D44: ='Rose Iniziali'!D31 -> 41 | E44: ='Rose Iniziali'!E31 -> castro | F44: ='Rose Iniziali'!F31 -> 0 | G44: ='Rose Iniziali'!G31 -> 36 | H44: ='Rose Iniziali'!H31 -> Ghedjemis | I44: ='Rose Iniziali'!I31 -> 0 | J44: ='Rose Iniziali'!J31 -> 1 | K44: ='Rose Iniziali'!K30 -> Vitinha O. | L44: ='Rose Iniziali'!L31 -> 0 | M44: ='Rose Iniziali'!M31 -> 1 | N44: ='Rose Iniziali'!N31 -> Romero D. | O44: ='Rose Iniziali'!O31 -> 0 | P44: ='Rose Iniziali'!P31 -> 1 | Q44: ='Rose Iniziali'!Q31 -> Camarda | R44: ='Rose Iniziali'!R31 -> 0 | S44: ='Rose Iniziali'!S31 -> 1 | ... Y44: ='Rose Iniziali'!Y31 -> 1
B45: ='Rose Iniziali'!B32 -> lucca | C45: ='Rose Iniziali'!C32 -> 0 | D45: ='Rose Iniziali'!D32 -> 1 | E45: ='Rose Iniziali'!E32 -> boga | F45: ='Rose Iniziali'!F32 -> 0 | G45: ='Rose Iniziali'!G32 -> 5 | H45: ='Rose Iniziali'!H32 -> colombo | I45: ='Rose Iniziali'!I32 -> 0 | ... Y45: ='Rose Iniziali'!Y32 -> 8
B50: ACQUISTI SUCCESSIVI | C50: kr | E50: ACQUISTI SUCCESSIVI | F50: kr | H50: ACQUISTI SUCCESSIVI | I50: kr | K50: ACQUISTI SUCCESSIVI | L50: kr | N50: ACQUISTI SUCCESSIVI | O50: kr | Q50: ACQUISTI SUCCESSIVI | R50: kr | T50: ACQUISTI SUCCESSIVI | U50: kr | W50: ACQUISTI SUCCESSIVI | X50: kr
A51: TOT. SPESA | D51: =SUM(D8:D50) -> 345 | G51: =SUM(G8:G50) -> 323 | J51: =SUM(J8:J50) -> 310 | M51: =SUM(M8:M50) -> #REF! | P51: =SUM(P8:P50) -> #REF! | S51: =SUM(S8:S50) -> 342 | V51: =SUM(V8:V50) -> 282 | Y51: =SUM(Y8:Y50) -> 265
A52: KR Aggiuntivi al 31 Gennaio : | D52: 10 | G52: 10 | J52: 10 | M52: 10 | P52: 10 | S52: 10 | V52: 10 | Y52: 10
A53: KR RESIDUI | D53: =B6-D51+D52 -> 71 | G53: =E6-G51+G52 -> 92 | J53: =H6-J51+J52 -> 143 | M53: =K6-M51+M52 -> #REF! | P53: =N6-P51+P52 -> #REF! | S53: =Q6-S51+S52 -> 48 | V53: =T6-V51+V52 -> 75 | Y53: =W6-Y51+Y52 -> 57
A55: ='Rose Iniziali'!A37 -> 300 | B55: QUELLI IN ROSSO SONO I CONFERMATI DALL'ANNO PASSATO,QUINDI NON POSSONO ESSERE CONFERMATI PER IL PROSSIMO FANTACALCIO
B56: QUELLI IN BLU SONO I GIOCATORI ACQUISTATI DURANTE LO SVOLGIMENTO DEL FANTACALCIO,QUINDI NON POSSONO ESSERE CONFERMATI PER IL PROSSIMO
B57: QUELLI GRIGI SONO I GIOCATORI CEDUTI
B58: QUELLI IN VERDE SONO I GIOCATORI SCAMBIATI DURANTE LO SVOLGIMENTO DEL FANTACALCIO,QUINDI NON POSSONO ESSERE CONFERMATI PER IL PROSSIMO

Sheet COPPETTA
J2: COPPETTA
A4: * | B4: Metti * dove stà il morto | M4: * | N4: Metti * dove stà il morto
B5: GIRONE SCULATI | N5: GIRONE PIPPE
B8: SQUADRA | C8: V | D8: P | E8: S | F8: GF | G8: GS | H8: DR | I8: PUNTI | J8: GIRONE DARE | K8: FINALI DARE | N8: SQUADRA | O8: V | P8: P | Q8: S | R8: GF | S8: GS | T8: DR | U8: PUNTI | V8: GIRONE DARE | W8: FINALI DARE
B9: =CAMPIONATO!AX6 -> Eugenio | H9: =F9-G9 -> 0 | I9: =C9*3+D9 -> 0 | J9: =-1*(D9+(E9*2)) -> 0 | K9: 0 | N9: =CAMPIONATO!AX14 -> Molina | T9: =R9-S9 -> 0 | U9: =O9*3+P9 -> 0 | V9: =-1*(P9+(Q9*2)) -> 0 | W9: 0
B10: =CAMPIONATO!AX8 -> Riccardo | H10: =F10-G10 -> 0 | I10: =C10*3+D10 -> 0 | J10: =-1*(D10+(E10*2)) -> 0 | K10: 0 | N10: =CAMPIONATO!AX16 -> Daniele | T10: =R10-S10 -> 0 | U10: =O10*3+P10 -> 0 | V10: =-1*(P10+(Q10*2)) -> 0 | W10: 0
B11: =CAMPIONATO!AX10 -> Enrico | H11: =F11-G11 -> 0 | I11: =C11*3+D11 -> 0 | J11: =-1*(D11+(E11*2)) -> 0 | K11: 0 | N11: =CAMPIONATO!AX18 -> Fabrizio | T11: =R11-S11 -> 0 | U11: =O11*3+P11 -> 0 | V11: =-1*(P11+(Q11*2)) -> 0 | W11: 0
B12: =CAMPIONATO!AX12 -> Vincenzo | H12: =F12-G12 -> 0 | I12: =C12*3+D12 -> 0 | J12: =-1*(D12+(E12*2)) -> 0 | K12: 0 | N12: =CAMPIONATO!AX20 -> Dario | T12: =R12-S12 -> 0 | U12: =O12*3+P12 -> 0 | V12: =-1*(P12+(Q12*2)) -> 0 | W12: 0
B16: PRIMA GIORNATA | N16: PRIMA GIORNATA
F17: andata | H17: ritorno | R17: andata | T17: ritorno
B18: =B9 -> Eugenio | C18: =B12 -> Vincenzo | N18: =N9 -> Molina | O18: =N12 -> Dario
B19: =B10 -> Riccardo | C19: =B11 -> Enrico | N19: =N10 -> Daniele | O19: =N11 -> Fabrizio
A20: =IF(F18>G18,1,"") | B20: =IF(AND(F18=G18,F18<>"",G18<>""),1,"") | C20: =IF(F18<G18,1,"") | D20: =IF(H18>I18,1,"") | E20: =IF(AND(H18=I18,H18<>"",I18<>""),1,"") | F20: =IF(H18<I18,1,"") | M20: =IF(R18>S18,1,"") | N20: =IF(AND(R18=S18,R18<>"",S18<>""),1,"") | O20: =IF(R18<S18,1,"") | P20: =IF(T18>U18,1,"") | Q20: =IF(AND(T18=U18,T18<>"",U18<>""),1,"") | R20: =IF(T18<U18,1,"")
A21: =IF(F19>G19,1,"") | B21: =IF(AND(F19=G19,F19<>"",G19<>""),1,"") | C21: =IF(F19<G19,1,"") | D21: =IF(H19>I19,1,"") | E21: =IF(AND(H19=I19,H19<>"",I19<>""),1,"") | F21: =IF(H19<I19,1,"") | G21: =IF(AND(B21=A21,A21=1),1,"") | H21: =IF(C21=3,1,"") | I21: =IF(D21=3,1,"") | J21: =IF(AND(C21=D21,D21=1),1,"") | M21: =IF(R19>S19,1,"") | N21: =IF(AND(R19=S19,R19<>"",S19<>""),1,"") | O21: =IF(R19<S19,1,"") | P21: =IF(T19>U19,1,"") | Q21: =IF(AND(T19=U19,T19<>"",U19<>""),1,"") | R21: =IF(T19<U19,1,"") | S21: =IF(AND(N21=M21,M21=1),1,"") | T21: =IF(O21=3,1,"") | U21: =IF(P21=3,1,"") | V21: =IF(AND(O21=P21,P21=1),1,"") | Y21: SEMIFINALI
AB22: andata | AD22: ritorno | AG22: punto spareggio
B23: SECONDA GIORNATA | N23: SECONDA GIORNATA | X23: Daniele | Y23: =B39 -> Vincenzo | AB23: 2 | AC23: 3
F24: andata | H24: ritorno | R24: andata | T24: ritorno | X24: =B40 -> Enrico | Y24: =N39 -> Molina | AB24: 2 | AC24: 0
B25: =B11 -> Enrico | C25: =B9 -> Eugenio | N25: =N11 -> Fabrizio | O25: =N9 -> Molina | W25: =IF(AB23>AC23,Premi!$H$5,0) -> 0 | X25: =IF(AND(AB23=AC23,AB23<>"",AC23<>""),Premi!$H$4,0) -> 0 | Y25: =IF(AB23<AC23,Premi!$H$5,0) -> -2 | Z25: =IF(AD23>AE23,Premi!$H$5,0) -> 0 | AA25: =IF(AND(AD23=AE23,AD23<>"",AE23<>""),Premi!$H$4,0) -> 0 | AB25: =IF(AD23<AE23,Premi!$H$5,0) -> 0
B26: =B12 -> Vincenzo | C26: =B10 -> Riccardo | N26: =N12 -> Dario | O26: =N10 -> Daniele | W26: =IF(AB24>AC24,Premi!$H$5,0) -> -2 | X26: =IF(AND(AB24=AC24,AB24<>"",AC24<>""),Premi!$H$4,0) -> 0 | Y26: =IF(AB24<AC24,Premi!$H$5,0) -> 0 | Z26: =IF(AD24>AE24,Premi!$H$5,0) -> 0 | AA26: =IF(AND(AD24=AE24,AD24<>"",AE24<>""),Premi!$H$4,0) -> 0 | AB26: =IF(AD24<AE24,Premi!$H$5,0) -> 0
A27: =IF(F25>G25,1,"") | B27: =IF(AND(F25=G25,F25<>"",G25<>""),1,"") | C27: =IF(F25<G25,1,"") | D27: =IF(H25>I25,1,"") | E27: =IF(AND(H25=I25,H25<>"",I25<>""),1,"") | F27: =IF(H25<I25,1,"") | M27: =IF(R25>S25,1,"") | N27: =IF(AND(R25=S25,R25<>"",S25<>""),1,"") | O27: =IF(R25<S25,1,"") | P27: =IF(T25>U25,1,"") | Q27: =IF(AND(T25=U25,T25<>"",U25<>""),1,"") | R27: =IF(T25<U25,1,"") | Y27: FINALE
A28: =IF(F26>G26,1,"") | B28: =IF(AND(F26=G26,F26<>"",G26<>""),1,"") | C28: =IF(F26<G26,1,"") | D28: =IF(H26>I26,1,"") | E28: =IF(AND(H26=I26,H26<>"",I26<>""),1,"") | F28: =IF(H26<I26,1,"") | G28: =IF(AND(B28=A28,A28=1),1,"") | H28: =IF(C28=3,1,"") | I28: =IF(D28=3,1,"") | J28: =IF(AND(C28=D28,D28=1),1,"") | M28: =IF(R26>S26,1,"") | N28: =IF(AND(R26=S26,R26<>"",S26<>""),1,"") | O28: =IF(R26<S26,1,"") | P28: =IF(T26>U26,1,"") | Q28: =IF(AND(T26=U26,T26<>"",U26<>""),1,"") | R28: =IF(T26<U26,1,"") | S28: =IF(AND(N28=M28,M28=1),1,"") | T28: =IF(O28=3,1,"") | U28: =IF(P28=3,1,"") | V28: =IF(AND(O28=P28,P28=1),1,"") | AB28: andata | AD28: ritorno | AG28: punto spareggio
X29: =Y23 -> Vincenzo | Y29: =X24 -> Enrico | AB29: 1 | AC29: 3
B30: TERZA GIORNATA | N30: TERZA GIORNATA
F31: andata | H31: ritorno | R31: andata | T31: ritorno | W31: =IF(AB29>AC29,Premi!$H$5,0) -> 0 | X31: =IF(AND(AB29=AC29,AB29<>"",AC29<>""),Premi!$H$4,0) -> 0 | Y31: =IF(AB29<AC29,Premi!$H$5,0) -> -2 | Z31: =IF(AD29>AE29,Premi!$H$5,0) -> 0 | AA31: =IF(AND(AD29=AE29,AD29<>"",AE29<>""),Premi!$H$4,0) -> 0 | AB31: =IF(AD29<AE29,Premi!$H$5,0) -> 0
B32: =B12 -> Vincenzo | C32: =B11 -> Enrico | N32: =N12 -> Dario | O32: =N11 -> Fabrizio
B33: =B9 -> Eugenio | C33: =B10 -> Riccardo | N33: =N9 -> Molina | O33: =N10 -> Daniele
A34: =IF(F32>G32,1,"") | B34: =IF(AND(F32=G32,F32<>"",G32<>""),1,"") | C34: =IF(F32<G32,1,"") | D34: =IF(H32>I32,1,"") | E34: =IF(AND(H32=I32,H32<>"",I32<>""),1,"") | F34: =IF(H32<I32,1,"") | M34: =IF(R32>S32,1,"") | N34: =IF(AND(R32=S32,R32<>"",S32<>""),1,"") | O34: =IF(R32<S32,1,"") | P34: =IF(T32>U32,1,"") | Q34: =IF(AND(T32=U32,T32<>"",U32<>""),1,"") | R34: =IF(T32<U32,1,"") | Y34: VINCITORE
A35: =IF(F33>G33,1,"") | B35: =IF(AND(F33=G33,F33<>"",G33<>""),1,"") | C35: =IF(F33<G33,1,"") | D35: =IF(H33>I33,1,"") | E35: =IF(AND(H33=I33,H33<>"",I33<>""),1,"") | F35: =IF(H33<I33,1,"") | G35: =IF(AND(B35=A35,A35=1),1,"") | H35: =IF(C35=3,1,"") | I35: =IF(D35=3,1,"") | J35: =IF(AND(C35=D35,D35=1),1,"") | M35: =IF(R33>S33,1,"") | N35: =IF(AND(R33=S33,R33<>"",S33<>""),1,"") | O35: =IF(R33<S33,1,"") | P35: =IF(T33>U33,1,"") | Q35: =IF(AND(T33=U33,T33<>"",U33<>""),1,"") | R35: =IF(T33<U33,1,"") | S35: =IF(AND(N35=M35,M35=1),1,"") | T35: =IF(O35=3,1,"") | U35: =IF(P35=3,1,"") | V35: =IF(AND(O35=P35,P35=1),1,"") | Y35: =IF(AG29>AH29,X29,IF(AH29>AG29,Y29,IF((AB29+AD29)>(AC29+AE29),X29,IF((AB29+AD29)<(AC29+AE29),Y29,IF((AB29+(AD29*2))<((AC29*2)+AE29),Y29,IF((AB29+(AD29*2))>((AC29*2)+AE29),X29,"? ? ? ? ? ? ? ?")))))) -> Enrico
B37: CLASSIFICA FINALE GIRONE SCULATI | N37: CLASSIFICA FINALE GIRONE PIPPE
B38: SQUADRA | C38: V | D38: P | E38: S | F38: GF | G38: GS | H38: DR | I38: PUNTI | J38: TOTALE DARE | K38: SPAREGGI | N38: SQUADRA | O38: V | P38: P | Q38: S | R38: GF | S38: GS | T38: DR | U38: PUNTI | V38: TOTALE DARE | W38: SPAREGGI
A39: 1 | B39: =$B$12 -> Vincenzo | C39: =$C$12 -> 0 | D39: =$D$12 -> 0 | E39: =$E$12 -> 0 | F39: =$F$12 -> 0 | G39: =$G$12 -> 0 | H39: =$H$12 -> 0 | I39: =$I$12 -> 0 | J39: =$J$12+$K$12 -> 0 | L39: =(H39*1000)+F39 -> 0 | M39: 1 | N39: =$N$9 -> Molina | O39: =$O$9 -> 0 | P39: =$P$9 -> 0 | Q39: =$Q$9 -> 0 | R39: =$R$9 -> 0 | S39: =$S$9 -> 0 | T39: =$T$9 -> 0 | U39: =$U$9 -> 0 | V39: =$V$9+$W$9 -> 0 | X39: =(#REF!*1000)+#REF! -> #REF!
A40: 2 | B40: =$B$11 -> Enrico | C40: =$C$11 -> 0 | D40: =$D$11 -> 0 | E40: =$E$11 -> 0 | F40: =$F$11 -> 0 | G40: =$G$11 -> 0 | H40: =$H$11 -> 0 | I40: =$I$11 -> 0 | J40: =$J$11+$K$11 -> 0 | L40: =(#REF!*1000)+#REF! -> #REF! | M40: 2 | N40: =$N$10 -> Daniele | O40: =$O$10 -> 0 | P40: =$P$10 -> 0 | Q40: =$Q$10 -> 0 | R40: =$R$10 -> 0 | S40: =$S$10 -> 0 | T40: =$T$10 -> 0 | U40: =$U$10 -> 0 | V40: =$V$10+$W$10 -> 0 | X40: =(#REF!*1000)+#REF! -> #REF!
A41: 3 | B41: =$B$10 -> Riccardo | C41: =$C$10 -> 0 | D41: =$D$10 -> 0 | E41: =$E$10 -> 0 | F41: =$F$10 -> 0 | G41: =$G$10 -> 0 | H41: =$H$10 -> 0 | I41: =$I$10 -> 0 | J41: =$J$10+$K$10 -> 0 | L41: =(#REF!*1000)+#REF! -> #REF! | M41: 3 | N41: =$N$11 -> Fabrizio | O41: =$O$11 -> 0 | P41: =$P$11 -> 0 | Q41: =$Q$11 -> 0 | R41: =$R$11 -> 0 | S41: =$S$11 -> 0 | T41: =$T$11 -> 0 | U41: =$U$11 -> 0 | V41: =$V$11+$W$11 -> 0 | X41: =(#REF!*1000)+#REF! -> #REF!
A42: 4 | B42: =$B$9 -> Eugenio | C42: =$C$9 -> 0 | D42: =$D$9 -> 0 | E42: =$E$9 -> 0 | F42: =$F$9 -> 0 | G42: =$G$9 -> 0 | H42: =$H$9 -> 0 | I42: =$I$9 -> 0 | J42: =$J$9+$K$9 -> 0 | L42: =(#REF!*1000)+#REF! -> #REF! | M42: 4 | N42: =$N$12 -> Dario | O42: =$O$12 -> 0 | P42: =$P$12 -> 0 | Q42: =$Q$12 -> 0 | R42: =$R$12 -> 0 | S42: =$S$12 -> 0 | T42: =$T$12 -> 0 | U42: =$U$12 -> 0 | V42: =$V$12+$W$12 -> 0 | X42: =(#REF!*1000)+#REF! -> #REF!
L49: =(H49*1000)+F49 -> 0
L50: =(H50*1000)+F50 -> 0
L51: =(H51*1000)+F51 -> 0
L52: =(H40*1000)+F40 -> 0

Sheet Proposte d'Acquisto
A1: Campionato: | B1: 2018/2019
A2: N° Posizione | B2: SORTEGGI SQUADRE | C2: Proposte d'acquisto | D2: Cessioni | E2: Kr.
A3: 1 | B3: ENRICO
A4: Penalità
A8: 2 | B8: RICCARDO
A9: Penalità
A13: 3 | B13: FABRIZIO
A14: Penalità
A18: 4 | B18: DANIELE
A19: Penalità
A23: 5 | B23: MOLINA
A24: Penalità
A28: 6 | B28: EUGENIO
A29: Penalità
A33: 7 | B33: VINCENZO
A34: Penalità
A38: 8 | B38: DARIO
A39: Penalità

Sheet Calcola Risultato
B2: Utilità: Calcola Risultato
B9: Nome | D9: Voto | E9: Nome | G9: Voto
B28: In Casa | C28: + | D28: 2
B29: TOTALE | D29: =SUM(D9:D28) -> 2 | E29: TOTALE | G29: =SUM(G10:G27) -> 0
B31: RISULTATO FINALE | D31: =IF(AND((IF(D29>=66,INT((D29-60)/6),0)=IF(G29>=66,INT((G29-60)/6),0)),(D29-G29)>=4),IF(D29>=66,INT((D29-60)/6)+1+IF((D29-G29)>=10,INT((D29-G29)/10),0),IF(AND(D29<66,G29<66,(D29-G29)>=6),1,0)),IF(D29>=66,INT((D29-60)/6)+IF((D29-G29)>=10,INT((D29-G29)/10),0),IF(AND(D29<66,G29<66,(D29-G29)>=6),1,0))) -> 0 | G31: =IF(AND((IF(G29>=66,INT((G29-60)/6),0)=IF(D29>=66,INT((D29-60)/6),0)),(G29-D29)>=4),IF(G29>=66,INT((G29-60)/6)+1+IF((G29-D29)>=10,INT((G29-D29)/10),0),IF(AND(D29<66,G29<66,(G29-D29)>=6),1,0)),IF(G29>=66,INT((G29-60)/6)+IF((G29-D29)>=10,INT((G29-D29)/10),0),IF(AND(D29<66,G29<66,(G29-D29)>=6),1,0))) -> 0

Sheet Premi
C2: Campionato
B3: Giocatori | C3: Dare | D3: Avere | E3: Importo Totale | H3: Quote Partecipazione
B4: =CAMPIONATO!AX6 -> Eugenio | C4: =CAMPIONATO!BG6 -> 0 | D4: =((-1*C12)+C4+C5+C6)/100*80-C4 -> 0 | E4: =SUM(D4,C4) -> 0 | F4: € | H4: -1 | I4: € a Pareggio
B5: =CAMPIONATO!AX8 -> Riccardo | C5: =CAMPIONATO!BG8 -> 0 | D5: =((-1*C12)+C4+C5+C6)/100*20-C5 -> 0 | E5: =SUM(D5,C5) -> 0 | F5: € | H5: -2 | I5: € a Sconfitta
B6: =CAMPIONATO!AX10 -> Enrico | C6: =CAMPIONATO!BG10 -> 0 | D6: =C6*-1 -> 0 | E6: =SUM(D6,C6) -> 0 | F6: €
B7: =CAMPIONATO!AX12 -> Vincenzo | C7: =CAMPIONATO!BG12 -> 0 | E7: =SUM(D7,C7) -> 0 | F7: €
B8: =CAMPIONATO!AX14 -> Molina | C8: =CAMPIONATO!BG14 -> 0 | E8: =SUM(D8,C8) -> 0 | F8: €
B9: =CAMPIONATO!AX16 -> Daniele | C9: =CAMPIONATO!BG16 -> 0 | E9: =SUM(D9,C9) -> 0 | F9: €
B10: =CAMPIONATO!AX18 -> Fabrizio | C10: =CAMPIONATO!BG18 -> 0 | E10: =SUM(D10,C10) -> 0 | F10: €
B11: =CAMPIONATO!AX20 -> Dario | C11: =CAMPIONATO!BG20 -> 0 | E11: =SUM(D11,C11) -> 0 | F11: € | I11: TOTALE FANTACALCIO
B12: Totali* | C12: =SUM(C4:C11) -> 0 | D12: =SUM(D4:D11) -> 0 | E12: =SUM(D12,C12) -> 0 | F12: € | H12: Giocatori | I12: Camponato | J12: Coppa | K12: Penalità | L12: Importo Totale
B13: *Totale Dare a Fine Campionato: | E13: 224 | H13: =CAMPIONATO!AX6 -> Eugenio | I13: =E4 -> 0 | J13: =E20 -> 0 | L13: =SUM(ROUND(J13,0),ROUND(I13,0),ROUND(K13,0)) -> 0 | M13: € | N13: =IF(L13>0,0,L13) -> 0
B14: Meno la quota di Mortimer: | E14: =C12*(-1) -> 0 | H14: =CAMPIONATO!AX8 -> Riccardo | I14: =E5 -> 0 | J14: =E21 -> 0 | L14: =SUM(ROUND(J14,0),ROUND(I14,0),ROUND(K14,0)) -> 0 | M14: € | N14: =IF(L14>0,0,L14) -> 0
H15: =CAMPIONATO!AX10 -> Enrico | I15: =E6 -> 0 | J15: =E22 -> 0 | L15: =SUM(ROUND(J15,0),ROUND(I15,0),ROUND(K15,0)) -> 0 | M15: € | N15: =IF(L15>0,0,L15) -> 0
H16: =CAMPIONATO!AX12 -> Vincenzo | I16: =E7 -> 0 | J16: =E23 -> 0 | L16: =SUM(ROUND(J16,0),ROUND(I16,0),ROUND(K16,0)) -> 0 | M16: € | N16: =IF(L16>0,0,L16) -> 0
H17: =CAMPIONATO!AX14 -> Molina | I17: =E8 -> 0 | J17: =E24 -> 0 | L17: =SUM(ROUND(J17,0),ROUND(I17,0),ROUND(K17,0)) -> 0 | M17: € | N17: =IF(L17>0,0,L17) -> 0
C18: Coppetta | H18: =CAMPIONATO!AX16 -> Daniele | I18: =E9 -> 0 | J18: =E25 -> 0 | L18: =SUM(ROUND(J18,0),ROUND(I18,0),ROUND(K18,0)) -> 0 | M18: € | N18: =IF(L18>0,0,L18) -> 0
B19: Giocatori | C19: Dare | D19: Avere | E19: Importo Totale | H19: =CAMPIONATO!AX18 -> Fabrizio | I19: =E10 -> 0 | J19: =E26 -> 0 | L19: =SUM(ROUND(J19,0),ROUND(I19,0),ROUND(K19,0)) -> 0 | M19: € | N19: =IF(L19>0,0,L19) -> 0
B20: =CAMPIONATO!AX6 -> Eugenio | C20: =COPPETTA!J9+COPPETTA!K9 -> 0 | D20: =IF(COPPETTA!$Y$35<>"? ? ? ? ? ? ? ?",IF(B20=COPPETTA!$Y$35,$E$31,IF(OR(B20=COPPETTA!$X$29,B20=COPPETTA!$Y$29),$E$32,"")),"") | E20: =SUM(D20,C20) -> 0 | F20: € | H20: =CAMPIONATO!AX20 -> Dario | I20: =E11 -> 0 | J20: =E27 -> 0 | L20: =SUM(ROUND(J20,0),ROUND(I20,0),ROUND(K20,0)) -> 0 | M20: € | N20: =IF(L20>0,0,L20) -> 0
B21: =CAMPIONATO!AX8 -> Riccardo | C21: =COPPETTA!J10+COPPETTA!K10 -> 0 | D21: =IF(COPPETTA!$Y$35<>"? ? ? ? ? ? ? ?",IF(B21=COPPETTA!$Y$35,$E$31,IF(OR(B21=COPPETTA!$X$29,B21=COPPETTA!$Y$29),$E$32,"")),"") | E21: =SUM(D21,C21) -> 0 | F21: € | H21: Totali* | I21: =SUM(I13:I20) -> 0 | J21: =SUM(J13:J20) -> 0 | K21: =SUM(K13:K20) -> 0 | L21: =SUM(L13:L20) -> 0 | M21: € | N21: =IF(L21>0,0,L21) -> 0
B22: =CAMPIONATO!AX10 -> Enrico | C22: =COPPETTA!J11+COPPETTA!K11 -> 0 | D22: =IF(COPPETTA!$Y$35<>"? ? ? ? ? ? ? ?",IF(B22=COPPETTA!$Y$35,$E$31,IF(OR(B22=COPPETTA!$X$29,B22=COPPETTA!$Y$29),$E$32,"")),"") -> 0 | E22: =SUM(D22,C22) -> 0 | F22: € | H22: Totale a Debito | L22: =SUM(N13:N20) -> 0 | M22: €
B23: =CAMPIONATO!AX12 -> Vincenzo | C23: =COPPETTA!J12+COPPETTA!K12 -> 0 | D23: =IF(COPPETTA!$Y$35<>"? ? ? ? ? ? ? ?",IF(B23=COPPETTA!$Y$35,$E$31,IF(OR(B23=COPPETTA!$X$29,B23=COPPETTA!$Y$29),$E$32,"")),"") -> 0 | E23: =SUM(D23,C23) -> 0 | F23: € | H23: *Totale Dare Complessivo: | J23: =E13+E29 -> 274
B24: =CAMPIONATO!AX14 -> Molina | C24: =COPPETTA!V9+COPPETTA!W9 -> 0 | D24: =IF(COPPETTA!$Y$35<>"? ? ? ? ? ? ? ?",IF(B24=COPPETTA!$Y$35,$E$31,IF(OR(B24=COPPETTA!$X$29,B24=COPPETTA!$Y$29),$E$32,"")),"") | E24: =SUM(D24,C24) -> 0 | F24: € | H24: Meno la quota di Mortimer: | J24: =E14+E30 -> 0
B25: =CAMPIONATO!AX16 -> Daniele | C25: =COPPETTA!V10+COPPETTA!W10 -> 0 | D25: =IF(COPPETTA!$Y$35<>"? ? ? ? ? ? ? ?",IF(B25=COPPETTA!$Y$35,$E$31,IF(OR(B25=COPPETTA!$X$29,B25=COPPETTA!$Y$29),$E$32,"")),"") | E25: =SUM(D25,C25) -> 0 | F25: €
B26: =CAMPIONATO!AX18 -> Fabrizio | C26: =COPPETTA!V11+COPPETTA!W11 -> 0 | D26: =IF(COPPETTA!$Y$35<>"? ? ? ? ? ? ? ?",IF(B26=COPPETTA!$Y$35,$E$31,IF(OR(B26=COPPETTA!$X$29,B26=COPPETTA!$Y$29),$E$32,"")),"") | E26: =SUM(D26,C26) -> 0 | F26: €
B27: =CAMPIONATO!AX20 -> Dario | C27: =COPPETTA!V12+COPPETTA!W12 -> 0 | D27: =IF(COPPETTA!$Y$35<>"? ? ? ? ? ? ? ?",IF(B27=COPPETTA!$Y$35,$E$31,IF(OR(B27=COPPETTA!$X$29,B27=COPPETTA!$Y$29),$E$32,"")),"") | E27: =SUM(D27,C27) -> 0 | F27: €
B28: Totali* | C28: =SUM(C20:C27) -> 0 | D28: =SUM(D20:D27) -> 0 | E28: =SUM(D28,C28) -> 0 | F28: €
B29: *Totale Dare a Fine Coppetta: | E29: 50
B30: Meno la quota di Mortimer: | E30: =C28*(-1) -> 0
B31: Il Vincitore prende: | E31: =E30/100*80 -> 0 | G31: 80% del montepremi
B32: Il Secondo prende: | E32: =E30-E31 -> 0 | G32: 20% del montepremi
B34: *Se non ci sono le semifinali ma solo la finale unica il totale è 50€
B35: *Se la finale e le semifinali sono uniche il totale sarà 54€
B36: *Se solo le semifinali sono A/R il totale sarà 58€
B37: *Se anche la finale è A/R il totale sarà 60€
B38: *Se gioca il Morto vanno tolti i suoi debiti dal montepremi coppetta.

Sheet Regolamenti
A1: Regole Generali del Fantacalcio:
A3: N.B. | B3: Per Qualsiasi regola non scritta si adotterà il regolamento del sito ufficiale del fantacalcio ( www.fantacalcio.it ) per evitare controversie di qualsiasi natura.
A5: 0° | B5: Ogni nuova regola o modifica delle stesse dovranno essere discusse e votate con il sistema maggioritario (50%+1 dei partecipanti non astenuti).
B6: Se una regola fosse poco chiara, verrà modificata a sfavore di colui che ha creato il disagio, senza danneggiare i partecipanti al gioco.
A8: 1° | B8: Se si acquista un giocatore sul mercato libero (ogni 7 giornate, al termine del calciomercato di serie A e ad inizio Coppetta) potrà essere schierato alla prima giornata disponibile ad eccezione di presenza turni infrasettimanali (si schierano a quella successiva).
A10: 2° | B10: Se si acquista o si scambia un giocatore da un'altra squadra (compresi regali e prestiti) dovrà saltare una giornata di campionato.
A12: 3° | B12: Gli acquisti su mercato libero si svolgeranno nel seguente modo:
B13: A. Si farà una sessione di Mercato libero ogni 7 giornate di campionato + 1 sessione a fine celciomercato della serie A (inizio Febbraio).
B14: B. La sessione di acquisti dura una settimana anche nel caso ci sia un turno infrasettimanale (in questo caso particolare i giocatori andranno schierati la giornata successiva alla prima disponibile, cioè si salta una giornata)
B15: C. Gi acquisti vanno comunicati entro e non oltre martedi', se piu giocatori chiedono lo stesso calciatore nei giorni successivi lo contenderanno all'asta.
B16: D. Entro il giorno precedente all'inizio delle partite dell'ottava giornata (o nona in caso di turno infrasettimanale), i contendenti per uno stesso giocatore dovranno comunicare al presidente l'esito delle trattative, le cessioni e i ripieghi.
B17: E. Il perdente della trattativa al punto C. potrà chiedere un altro giocatore.
B18: F. I giocatori da cedere potranno essere rettificati entro l'ultimo giorno di mercato (definito ai punti precedenti) tramite comunicazione al presidente.
B19: G. Se non si comunicano i giocatori ceduti gli aquisti non vengono considerati.
B20: H. Se non si dispongono di crediti si puo pagare in soldi come già avviene alle aste iniziali (che vanno afondo cassa inieme alle penalità) 1 Credito = 1€.
B21: I. Durante il mercao iniziale, se si vuole togliere un giocatore e prenderne un altro libero deve attendere la fine dell'asta. Quindi si considera come acquistato successivamente all'asta iniziale e non potrà essere confermato l'anno succesivo.
B22: L. Se c'è un recupero nei mesi successivi ed un giocatore vende un calciatore schierato, quest' ultimo continuerà ad essere presente/contato nella formazione originaria anche se non facente parte della squadra attuale.
A24: 4° | B24: Gli scambi o gli acquisti da altre squadre nelle settimane di mercato libero sono considerati come al punto 2*.
B25: Dopo la 21ma giornata non sono ammessi scambi o compravendite di giocatori.
A27: 5° | B27: I Giocatori che si possono confermare l'anno successivo sono quelli che non sono stati già confermati l'anno precedente, ma solo quelli acquistati all' asta iniziale del precedente FantaCampinato e tenuti fino alla fine dello stesso.
A29: 6° | B29: Possono essere confermati al massimo 2 difensori, 2 centrocampisti e 1 attaccante al costo del campionato precedente sempre se il ruolo rimane invariato.
A31: 7° | B31: La Regola base per le formazioni è: Minimo 3 difensori massimo 3 attaccanti ed almeno un giocatore per ruolo.
A33: 8° | B33: I panchinari sono 7 (1 portiere, 2 difensori, 2 centrocampisti, 2 attaccanti):
B34: A. Nel caso in cui mancano più di 3 i voti dei giocatori entrano solo 3 riserve (che hanno preso il voto) a partire dal ruolo più basso seguendo l'ordine in cui sono state comunicate la formazione e la panchina.
B35: B. Il Primo giocatore al quale non subentra il sostituto ha voto 4, per le successive mancanze il voto è zero (il voto d'ufficio concorre al raggiungimento per il totale delle 3 sostituzioni).
B36: C. Se vengono comunicati piu panchinari sispetto al numedo stabilito, non verranno considerati nell'ordine inverso in cui sono stati comunicati nei rispettivi ruoli.
A38: 9° | B38: La gestione dei S.V. (senza voto):
B39: A. Il portiere S.V. prende voto 6 se ha giocato almeno 30 min.
B40: B. Se un giocatore ha giocato piu di 30 minuti ma il voto non risulta nei tabellini il voto è 6.(salvo successivi aggiornamenti del sito dei voti)
B41: C. Se un giocatore prende S.V. entra il sostituto anche sa ha giocato più di 30 min.
B42: D. Se un giocatore o portiere prende S.V. e viene espulso il voto è 4 indifferentemente dai minuti di gioco (se ammonito rimane S.V.).
B43: E. Se un portiere prende S.V. e subisce reti il voto è 6 al quale vengono appilcati i modificatori di voto (compresa l'ammonizione), indifferentemente dai minuti di gioco.
B44: F. Se un portiere fa autogoal al voto va sottratto anche il gol subito.
A46: 10° | B46: Errore nella comunicazione corretta della formazione:
B47: A. Se si da una formazione incompleta o si schierano giocatori che non fanno parte della propria formazione: per ogni giocatore mancante o errato si prende 0. Se il giocatore errato è in panchina, non lo si conta tra i componenti della panchina.
B48: B. Se si da una formazione non rispettando i moduli permessi: il giocatore in ordine di comunicazione che eccede al modulo prende 0. Di conseguenza si tolgono i giocatori partendo dall'ultimo attaccantre comunicato in rispetto della regola 7° .
A50: 11° | B50: I voti e i ruoli vengono presi dal "www.fantacalcioservice.it" (colonna VFS) ed hanno i seguenti modificatori:
B51: A. -0.5 per l'ammonizione.
B52: B. -1 per l'espulsione.
B53: C. -1 per rete subiuto dal portiere/giocatore.
B54: D. +3 per rigore parato dal portiere/giocatore.
B55: E. -2 per autogoal.
B56: F. +3 per rete segnata.
B57: G. -3 per rigore sbagliato.
B58: H. -1 per ammonizione + espulsione.
A60: 12° | B60: Le fasce di punteggi sono ogni 6 punti a partire da 66:
B61: A. 0-65,9 = 1.
B62: B. 66-71,9 = 2.
B63: C. 72-77,9 = 3.
B64: D. 78-83,9 = 4.
B65: etc.
B66: *NOTA: se in casi paradossali ci fosse un voto tipo 6- oppure 6+, il segno meno va considerato come -0,1 mentre il segno più come +0,1.
A68: 13° | B68: Le varianti di risultato finale sono:
B69: A. +1 se all' interno della fascia 0-0 c'è distanza di 6 punti.
B70: B. +1 se all' interno della stessa fascia (escluso 0-0) c'è differenza di +4 punti dall' avversario.
B71: C. +1 per ogni +10 punti di distacco dall' avversario.
A73: 14° | B73: Comunicazioni risultati e formazioni:
B74: A. Il tempo limite per comunicare la formazione fino all'inizio della prima partita della giornata di campionato, altrimenti si considera quella della settimana precedente e 4€ di penale e -1 punto in Classifica generale.
B75: B. Se non vi ricordate contro chi giocate la formazione potete mandarla al presidente di lega.
B76: C. I risultati finali vanno comunicati il prima possibile (max 3gg dall'ultima partita della giornata);E in qualsiasi caso prima dell'inizio della giornata successiva dei turni infrasettimanali.Oltre questi termini si applica la penalità di 2€.
B77: D. Quello che viene raccimolato verrà usato per scopi piu o meno comuni!
B78: E. Eventuali contestazioni sui risultati acquisiti o inadempienze degli allenatori va fatta entro l'inizio della 2° giornata successiva alla fine della partita in questione (puo' intercorrere solo una giornata di campionato/coppa).
A80: 15° | B80: A fine campinato In caso di parità di classifica per il podio c'è lo spareggio a chi fa il totale voti più alto e potrebbe coincidere con la prima giornata di Coppa quindi si danno 2 formazioni (anche se i parimerito sono più di 2).
A82: 16° | B82: Ritiro dal gioco in svolgimento:
B83: Spero non debba essere applicato!
B84: A turno gli altri concorrenti abuseranno sessualmente dell'inadempiente.
B85: SALVO REALI E SERIE MOTIVAZIONI!!!
A87: REGOLAMENTO COPPETTA:
A89: Si creano 2 gironi:
A90: - I primi 4 (gruppo A)
A91: - Gli ultimi 4 (gruppo B)
A92: Fanno andata e ritorno tra' di loro (6 giornate)
A93: I criteri di passaggio del girone sono :
A94: -Punti
A95: -Classifica Avulsa(*)
A96: )
A98: I primi 2 di ogni girone si scontrano tra di loro con andata e ritorno (2 giornate):
A99: 1°Gru.A Vs 2°Gru.B
A100: 1°Gru.B Vs 2°Gru.A
... A142: NOTA:con l'app di Fantacalcio a parita di punti si applicano i calci di rigore
